,kernel,epsilon,C,gamma,mean_val_score,std_val_score,mean_train_score,std_train_score,rank_val_score,mean_fit_time
236,rbf,0.5,10,0.1,3.0557249835291196,0.05264052320000251,2.4817850915645314,0.022716620562733644,1,0.19713163375854492
244,rbf,1,10,0.1,3.0631111490160023,0.045728549853100826,2.574398065856149,0.022940873685707065,2,0.1638034184773763
228,rbf,0.1,10,0.1,3.0694302474487016,0.046396189901537224,2.4264323870628988,0.023650292491885105,3,0.22000384330749512
220,rbf,0.05,10,0.1,3.0731949924541713,0.04336682530452714,2.4218339120533656,0.022460667517538613,4,0.22859454154968262
212,rbf,0.01,10,0.1,3.076502143777771,0.04175171324151041,2.419483222227058,0.02215408341187388,5,0.227862278620402
204,rbf,0.005,10,0.1,3.0768357715044536,0.04164785981348679,2.4193379962024726,0.022166871720789686,6,0.23144173622131348
196,rbf,0.001,10,0.1,3.0770864836251772,0.0415525746671164,2.419245100897606,0.02216133871095612,7,0.24599711100260416
188,rbf,0.0005,10,0.1,3.0771135656471045,0.04155111180937403,2.4192368012729815,0.02215779721851241,8,0.23741761843363443
180,rbf,0.0001,10,0.1,3.0771460982241643,0.041523074555386105,2.4192317099926544,0.022165052217725627,9,0.2382511297861735
324,rbf,0.5,100,0.1,3.246961381243309,0.05922200758028728,1.8640971616664068,0.015507388671261817,10,0.8152408599853516
332,rbf,1,100,0.1,3.252619128373793,0.0797794855346353,2.0902558088657472,0.017646185923279954,11,0.534827470779419
316,rbf,0.1,100,0.1,3.2772847812895214,0.053306023999696556,1.683987501661514,0.016863389026996724,12,0.9795772234598795
308,rbf,0.05,100,0.1,3.2817888046595693,0.05270802198212606,1.6635831475146554,0.016750925659229778,13,1.0199660460154216
300,rbf,0.01,100,0.1,3.286402198893447,0.053139191325697596,1.6481470628186516,0.016857835350243128,14,1.1616003513336182
419,rbf,1,1000,0.01,3.287058472260981,0.08144608944873766,2.8968168615452554,0.02145966102157442,15,0.672024647394816
292,rbf,0.005,100,0.1,3.2871625905554267,0.05325870886454051,1.6463039085839188,0.016879986488717243,16,1.1861926714579265
284,rbf,0.001,100,0.1,3.28783876807697,0.05333971582549455,1.6448576850877439,0.01690703692567591,17,1.2911923726399739
276,rbf,0.0005,100,0.1,3.287921907095862,0.053356223178949086,1.6446875535788463,0.016910861388467164,18,1.3197801907857258
268,rbf,0.0001,100,0.1,3.2880018554238313,0.053361723637016474,1.6445866130435018,0.01691747084587222,19,1.3788379828135173
411,rbf,0.5,1000,0.01,3.295316055831615,0.05873306955567624,2.851346651229403,0.02162205795862017,20,0.8220717906951904
403,rbf,0.1,1000,0.01,3.3070065165102775,0.0557925172749399,2.822948267179985,0.018779271704872355,21,0.8511111736297607
395,rbf,0.05,1000,0.01,3.311595411727646,0.058207535227862456,2.821573610640438,0.01800524290001817,22,0.8880569934844971
387,rbf,0.01,1000,0.01,3.315693286243558,0.0578636336456123,2.8213600006835793,0.017841764141046212,23,0.9569351673126221
379,rbf,0.005,1000,0.01,3.316280863196757,0.05757993658060778,2.821414782114798,0.017845110626031193,24,0.980862538019816
371,rbf,0.001,1000,0.01,3.316644820790453,0.05732061593314467,2.8214563271664166,0.017875014364757223,25,0.9865556557973226
363,rbf,0.0005,1000,0.01,3.316699623283491,0.057298481168078265,2.821468787139126,0.017874807695736787,26,1.071884552637736
355,rbf,0.0001,1000,0.01,3.3167242315903125,0.057285489584653626,2.821476555860667,0.017874967312018604,27,1.0405097007751465
140,rbf,0.1,1,0.1,3.3526386475863075,0.06592862283531209,3.1473897448589785,0.023787054313401314,28,0.14919622739156088
132,rbf,0.05,1,0.1,3.355030682779853,0.06835890569357311,3.147156446486981,0.022571062791430445,29,0.15489768981933594
148,rbf,0.5,1,0.1,3.3561116915608857,0.07096182447284334,3.171322039560305,0.020128044493950552,30,0.12698729832967123
124,rbf,0.01,1,0.1,3.356909349573661,0.06937743072515651,3.147521170763588,0.020878158174401307,31,0.15418696403503418
116,rbf,0.005,1,0.1,3.357171261815481,0.06953112860687927,3.147757457252404,0.020696217891462764,32,0.1559626261393229
108,rbf,0.001,1,0.1,3.357423720307264,0.06964360832610324,3.148001624724117,0.020592699507878523,33,0.1534726619720459
100,rbf,0.0005,1,0.1,3.3574519951546704,0.06962894176700572,3.1480281252735804,0.02058782227406284,34,0.15152215957641602
92,rbf,0.0001,1,0.1,3.357463107941504,0.06965735736346398,3.148045418995167,0.020567737261879472,35,0.1635864575703939
156,rbf,1,1,0.1,3.3781846673501943,0.07007308730859244,3.2069819813635885,0.02508776792710169,36,0.10486952463785808
323,rbf,0.5,100,0.01,3.4163003916368253,0.05139265742850462,3.1727175045163576,0.03173657254337728,37,0.1984426180521647
331,rbf,1,100,0.01,3.426821595940368,0.05558358464343721,3.196743806484371,0.03136814041349237,38,0.17862510681152344
307,rbf,0.05,100,0.01,3.4286137941993524,0.04513956608838422,3.163791208049354,0.03333639839022832,39,0.22429744402567545
315,rbf,0.1,100,0.01,3.4306455502511217,0.04590716170338491,3.164298897118068,0.03234648457308994,40,0.22562011082967123
267,rbf,0.0001,100,0.01,3.4311327167913834,0.04588701355608834,3.164701879368217,0.03366305235328438,41,0.2324822743733724
275,rbf,0.0005,100,0.01,3.4311507004794706,0.04585330507063217,3.1647014393326756,0.033664953281293646,42,0.23464703559875488
283,rbf,0.001,100,0.01,3.431156670039531,0.04584062067102136,3.1647052400443023,0.03366066596009408,43,0.22981643676757812
291,rbf,0.005,100,0.01,3.4312677600632715,0.04572558836131152,3.164621063283351,0.033618312798894594,44,0.23106280962626138
299,rbf,0.01,100,0.01,3.4314049097131707,0.045596657800343325,3.1644706103798192,0.033595197020664665,45,0.23088733355204263
418,rbf,1,1000,0.005,3.462418748845101,0.07245202522627052,3.1852856640062064,0.030697311357425074,46,0.3740810553232829
410,rbf,0.5,1000,0.005,3.4677297887365,0.06387225822270153,3.153727346162679,0.0328059043451033,47,0.43164753913879395
402,rbf,0.1,1000,0.005,3.4804182157804706,0.07472742983635082,3.1486709390547296,0.03831575282835452,48,0.4852143923441569
394,rbf,0.05,1000,0.005,3.480512573382196,0.07347993416897901,3.149169002415734,0.03945537693306579,49,0.5116481781005859
362,rbf,0.0005,1000,0.005,3.482932694015007,0.07517090894262442,3.1504384787030637,0.03867559875359977,50,0.5420014063517252
370,rbf,0.001,1000,0.005,3.482944178338048,0.07516313384101131,3.150431182417908,0.03867871474850477,51,0.5399115085601807
354,rbf,0.0001,1000,0.005,3.4829446405654925,0.07516665972306684,3.1504445568145862,0.038673939660698216,52,0.5444417794545492
378,rbf,0.005,1000,0.005,3.483090140145092,0.07512448744801746,3.1504031468297744,0.038732008951115705,53,0.524390697479248
386,rbf,0.01,1000,0.005,3.483110292066664,0.07501018129327305,3.1502209397837984,0.0389161318410291,54,0.5286756356557211
322,rbf,0.5,100,0.005,3.659992372467729,0.04859757364794175,3.489648413643369,0.025044606798684758,55,0.1784520149230957
330,rbf,1,100,0.005,3.6689170199634535,0.03615666660741295,3.5127580322576293,0.024963415876377505,56,0.16133896509806314
306,rbf,0.05,100,0.005,3.669218584114912,0.05970168584677596,3.4879730909437323,0.02213834614378683,57,0.19289493560791016
298,rbf,0.01,100,0.005,3.6695621234555382,0.05970867623979798,3.4879063634846053,0.023208113161894854,58,0.19309163093566895
290,rbf,0.005,100,0.005,3.6696635761865046,0.05955652332606481,3.4878963116311223,0.023270009976538823,59,0.20113086700439453
274,rbf,0.0005,100,0.005,3.669708799902739,0.05913888883359327,3.4878857232695606,0.023250859841563592,60,0.2073061466217041
282,rbf,0.001,100,0.005,3.669723542104089,0.05921956900229546,3.4878965797915495,0.023244078406568183,61,0.19666131337483725
266,rbf,0.0001,100,0.005,3.669731609172292,0.05911959890366128,3.4879041883281374,0.023235320349639932,62,0.20037571589152017
314,rbf,0.1,100,0.005,3.6707954352185688,0.06087430527172236,3.488189184694107,0.019858942843432936,63,0.19244702657063803
235,rbf,0.5,10,0.01,3.7424430175241845,0.03406661612704234,3.618880877812994,0.013327077465192445,64,0.14934992790222168
179,rbf,0.0001,10,0.01,3.747478581638514,0.03276776583758021,3.611697494930921,0.019131986058492433,65,0.18192315101623535
187,rbf,0.0005,10,0.01,3.747490578584651,0.032776339813604796,3.6116930453430984,0.019110251822945658,66,0.1734332243601481
195,rbf,0.001,10,0.01,3.74749823168505,0.03277843979544697,3.611671819319266,0.019079564331328475,67,0.16918118794759116
203,rbf,0.005,10,0.01,3.7476573662346344,0.03279751779733581,3.6116574236641203,0.018790401650446518,68,0.16472808519999185
211,rbf,0.01,10,0.01,3.747679491003319,0.032705918420244416,3.6116140484045016,0.018404310768728734,69,0.16191585858662924
219,rbf,0.05,10,0.01,3.747882875562547,0.034352189870815314,3.612740237797251,0.015318513451069117,70,0.15999976793924967
227,rbf,0.1,10,0.01,3.7506571965976025,0.034336662963033907,3.6131169203239293,0.014982763798650036,71,0.16089495023091635
243,rbf,1,10,0.01,3.759454722794174,0.029295351393897804,3.644261784143574,0.012850048346967857,72,0.12203089396158855
427,rbf,5,1000,0.01,3.8089089249497547,0.10268023371663369,3.675480248015886,0.044973567847144395,73,0.11332933108011882
339,rbf,5,100,0.01,3.8807624525954125,0.08310257707758788,3.7894764205131817,0.05555988631943144,74,0.0750409762064616
252,rbf,5,10,0.1,3.8923113264323703,0.02980391958327093,3.726516639660447,0.023652173772769666,75,0.04335355758666992
401,rbf,0.1,1000,0.001,3.9010258531639805,0.04589300046467817,3.7479983233458163,0.029292018141433798,76,0.21743369102478027
409,rbf,0.5,1000,0.001,3.901039267138298,0.05303178641780375,3.759824516975616,0.026833767676564448,77,0.20502352714538574
393,rbf,0.05,1000,0.001,3.901486137709192,0.04255239270545284,3.7492611935407765,0.028764515845219416,78,0.21994241078694662
353,rbf,0.0001,1000,0.001,3.902127308890586,0.03977775590606523,3.750070312454002,0.027482895196224696,79,0.22520804405212402
361,rbf,0.0005,1000,0.001,3.9021364691140845,0.03978806858965115,3.750082666601024,0.02749739206937733,80,0.2316913604736328
369,rbf,0.001,1000,0.001,3.90216318668814,0.03977100122433906,3.750107615285202,0.02752472720291575,81,0.23278983434041342
377,rbf,0.005,1000,0.001,3.902361007932928,0.0398792434965912,3.7501561391341744,0.027555202517099125,82,0.22531787554423013
385,rbf,0.01,1000,0.001,3.9028455731462572,0.040285899521799416,3.750367535539009,0.02758607581713439,83,0.23274938265482584
417,rbf,1,1000,0.001,3.9050727656068847,0.05285843806310152,3.7842218002461365,0.021933418008843308,84,0.18734939893086752
340,rbf,5,100,0.1,3.9316942582642063,0.04457520829268594,3.6167938165580598,0.04063246379641106,85,0.08382050196329753
426,rbf,5,1000,0.005,3.9404257279998194,0.12867469701063564,3.8188677436840686,0.06535504547789994,86,0.10769319534301758
420,rbf,1,1000,0.1,4.010202660863126,0.06586499300310368,1.6129487606837154,0.01621250649382138,87,3.837130626042684
412,rbf,0.5,1000,0.1,4.076574985954952,0.060227959649906425,1.1929451702840428,0.01252332725352293,88,6.016212622324626
428,rbf,5,1000,0.1,4.136623867220084,0.13932974288799774,3.600482028347128,0.030084647238819085,89,0.12857961654663086
404,rbf,0.1,1000,0.1,4.201744210543322,0.047163166785133236,0.8366299014000718,0.013316590136283835,90,7.210860888163249
338,rbf,5,100,0.005,4.215230728888744,0.06954187084691336,4.121881731317649,0.0674178744968378,91,0.06789477666219075
396,rbf,0.05,1000,0.1,4.2210801965843014,0.04298946761143041,0.7927419189293664,0.013123577311250221,92,8.035988489786783
388,rbf,0.01,1000,0.1,4.2383496946520784,0.03966565295800417,0.7579320924062448,0.01287506828060596,93,9.014431953430176
380,rbf,0.005,1000,0.1,4.240536036491225,0.03925391629060495,0.7536289457522009,0.01286002800373407,94,8.770045042037964
372,rbf,0.001,1000,0.1,4.242276890090996,0.0388174064339855,0.7501858062347811,0.0128577582697753,95,9.91659108797709
364,rbf,0.0005,1000,0.1,4.242515196943646,0.038757530358188054,0.7497759220040082,0.012853047257910628,96,10.598873774210611
356,rbf,0.0001,1000,0.1,4.242682057722811,0.0387084395512668,0.7495375238285608,0.01285223698244965,97,10.892887910207113
234,rbf,0.5,10,0.005,4.268005986390236,0.04370727255185208,4.177769330821263,0.030114393070374623,98,0.13339336713155112
226,rbf,0.1,10,0.005,4.2732036706560255,0.04250885370239695,4.1684437317061995,0.031659273610161534,99,0.14751593271891275
218,rbf,0.05,10,0.005,4.2758559486230405,0.04257108283761817,4.170435219518091,0.03314825988291973,100,0.14834674199422201
178,rbf,0.0001,10,0.005,4.276417068820892,0.04054057599333616,4.170905572166352,0.03566238836786456,101,0.15018208821614584
186,rbf,0.0005,10,0.005,4.276480785294229,0.04053253131997911,4.170949566691378,0.03565368254873942,102,0.1507894198099772
194,rbf,0.001,10,0.005,4.276536422228711,0.04047302742272267,4.170986196053019,0.03562704343896903,103,0.14951340357462564
202,rbf,0.005,10,0.005,4.27668383144418,0.04056078899265258,4.171094499734593,0.035354414375388006,104,0.14883152643839517
210,rbf,0.01,10,0.005,4.277042077354263,0.04099267619268923,4.1711448560906215,0.03497097392715029,105,0.14818747838338217
242,rbf,1,10,0.005,4.286530503045176,0.03310287301160184,4.197032075253244,0.03583158619734103,106,0.11180599530537923
251,rbf,5,10,0.01,4.396027079181976,0.028872568005793898,4.330797309727873,0.03785505953555302,107,0.03491965929667155
425,rbf,5,1000,0.001,4.502129539828238,0.012947815900771284,4.410773506393413,0.06356938821625309,108,0.09773111343383789
164,rbf,5,1,0.1,4.550196165684444,0.03916556682755361,4.4740483904354225,0.021004346873018064,109,0.02645079294840495
321,rbf,0.5,100,0.001,4.700714078759353,0.0517320032566458,4.609015707446171,0.04112696625846217,110,0.15137219429016113
313,rbf,0.1,100,0.001,4.705571789261261,0.040292424470868574,4.610075138508869,0.045235137199644504,111,0.16358129183451334
305,rbf,0.05,100,0.001,4.707624934846582,0.037806736013945096,4.610310651226272,0.045476827792672446,112,0.16958165168762207
265,rbf,0.0001,100,0.001,4.708840394866692,0.03686305565103368,4.610347286832801,0.04621518816346791,113,0.17163308461507162
273,rbf,0.0005,100,0.001,4.7088626075461075,0.03685319593616506,4.610343735182357,0.04619496791750463,114,0.1815183162689209
281,rbf,0.001,100,0.001,4.708920337599198,0.03684944978782208,4.610358358481281,0.04615649072405229,115,0.1727739175160726
289,rbf,0.005,100,0.001,4.709225905260665,0.03668867980528161,4.610413509030169,0.04596760729867945,116,0.17126218477884927
297,rbf,0.01,100,0.001,4.70973226958469,0.03642700568334882,4.6104621244739015,0.045758731397828524,117,0.17078940073649088
329,rbf,1,100,0.001,4.717712286246257,0.05225746511286979,4.627310630568373,0.04060247632099596,118,0.14162000020345053
250,rbf,5,10,0.005,4.804713141494933,0.051605299348572616,4.761344185296372,0.026485456234940547,119,0.035217603047688804
139,rbf,0.1,1,0.01,4.967871419512236,0.04164455707143805,4.897964785681357,0.026928817594964218,120,0.1319890817006429
131,rbf,0.05,1,0.01,4.9689046721693275,0.04154246854912557,4.897601882641496,0.026898277721994015,121,0.13630390167236328
115,rbf,0.005,1,0.01,4.969187503047704,0.043429660166599354,4.895976515656926,0.028673531580341183,122,0.13446903228759766
91,rbf,0.0001,1,0.01,4.969213128212298,0.04352772063713461,4.895693836454993,0.029175811574263206,123,0.1342299779256185
123,rbf,0.01,1,0.01,4.969218554004367,0.042815126632252114,4.896212930252606,0.02832773914420738,124,0.1363208293914795
99,rbf,0.0005,1,0.01,4.969227980496238,0.04359655533402166,4.8957330231637455,0.02913650322807076,125,0.13347530364990234
107,rbf,0.001,1,0.01,4.969236825200094,0.043584114033120215,4.895775232749618,0.029044665327537238,126,0.1345384120941162
147,rbf,0.5,1,0.01,4.976632683027257,0.05133275013893883,4.906940441419697,0.03273737085348765,127,0.12665772438049316
155,rbf,1,1,0.01,5.007815572249157,0.04389452686600172,4.945778265210518,0.021958301516169725,128,0.10718687375386556
337,rbf,5,100,0.001,5.058451679628267,0.05161921559516338,4.995139171935815,0.03467068393566835,129,0.050443569819132485
416,rbf,1,1000,0.0001,5.188096658087112,0.06363367057849988,5.105392662887127,0.04555230219680553,130,0.13762489954630533
408,rbf,0.5,1000,0.0001,5.193231129038682,0.06763237200690511,5.102323635792611,0.04563896160115201,131,0.15096894900004068
400,rbf,0.1,1000,0.0001,5.206924808733164,0.05868042506866848,5.103961182471054,0.04644276642088595,132,0.16402975718180338
384,rbf,0.01,1000,0.0001,5.20707171145109,0.05194165611560266,5.103126610940671,0.04814395198204703,133,0.17119614283243814
368,rbf,0.001,1000,0.0001,5.207239894183974,0.051321126505007246,5.103029800162165,0.04851068140867985,134,0.17052674293518066
360,rbf,0.0005,1000,0.0001,5.207263754594167,0.05125374954503196,5.103023010968788,0.04851821728787744,135,0.17045116424560547
352,rbf,0.0001,1000,0.0001,5.207344940690219,0.05120747007148528,5.103001161783952,0.048547665035064,136,0.16735283533732095
376,rbf,0.005,1000,0.0001,5.207377874761189,0.05155133710123209,5.103084734331191,0.04834980803832515,137,0.1717651685078939
392,rbf,0.05,1000,0.0001,5.2081240752047835,0.05488504235368002,5.103885048873477,0.04836335662456066,138,0.17658368746439615
424,rbf,5,1000,0.0001,5.2710691278263315,0.057587247320844304,5.219898680621668,0.04812420946490363,139,0.0612328847249349
434,rbf,10,1000,0.005,5.343050779697452,0.10150159277133579,5.3258426485453745,0.14493473731637677,140,0.033092498779296875
435,rbf,10,1000,0.01,5.357332613946505,0.11864006296212787,5.373431693628862,0.13454854679409164,141,0.042699178059895836
209,rbf,0.01,10,0.001,5.519368494087462,0.046196098439230456,5.461644153421062,0.03785569164121243,142,0.13028128941853842
201,rbf,0.005,10,0.001,5.519725181334594,0.04674951736414617,5.462105028394848,0.03778256302990755,143,0.13308032353719076
193,rbf,0.001,10,0.001,5.52009798356724,0.04727440843737123,5.462616804843974,0.03777249002306854,144,0.13243500391642252
185,rbf,0.0005,10,0.001,5.520197050210656,0.047300218971085384,5.462696767369241,0.03780869825223911,145,0.13760797182718912
177,rbf,0.0001,10,0.001,5.520257831192854,0.0473656457428062,5.462753817614683,0.03783055596750294,146,0.1336056391398112
217,rbf,0.05,10,0.001,5.521570467475399,0.04439857107268243,5.462188396351292,0.03796326552132931,147,0.13376069068908691
225,rbf,0.1,10,0.001,5.52237577622953,0.04263306884654033,5.464063121860417,0.03879525180748801,148,0.13205297787984213
233,rbf,0.5,10,0.001,5.5259885260312105,0.05230964758484481,5.469689265300635,0.03415376124139181,149,0.11808403333028157
241,rbf,1,10,0.001,5.536895729964852,0.05670142933139389,5.486360394869972,0.03359594448346332,150,0.10853791236877441
264,rbf,0.0001,100,0.0001,5.608892715455824,0.04975326762873778,5.554394277207312,0.03881548656470489,151,0.13279064496358237
272,rbf,0.0005,100,0.0001,5.608937525877846,0.04977641744013405,5.554421432790536,0.03881982432037221,152,0.1383789380391439
280,rbf,0.001,100,0.0001,5.608983602030218,0.049807984349319954,5.554420813793155,0.038781660374811566,153,0.14235854148864746
288,rbf,0.005,100,0.0001,5.609156010504855,0.05015528241130518,5.55456508394816,0.03852836607818062,154,0.1426551342010498
296,rbf,0.01,100,0.0001,5.609156371170344,0.050415021897883334,5.554685561396958,0.03837213047159865,155,0.13554859161376953
312,rbf,0.1,100,0.0001,5.6105033024525,0.049304155685324376,5.557898318888544,0.039288716970226026,156,0.1331914265950521
304,rbf,0.05,100,0.0001,5.610525524658598,0.047757864778336094,5.55594024698885,0.03964898809433003,157,0.13531835873921713
320,rbf,0.5,100,0.0001,5.613579876292217,0.05348759900489179,5.558678738109701,0.04062407950189773,158,0.1222244103749593
328,rbf,1,100,0.0001,5.619092098000092,0.05788694199298706,5.571414274300487,0.03811019496954974,159,0.11324882507324219
347,rbf,10,100,0.01,5.663854861985109,0.09312561215752534,5.64293019000867,0.15060359568163262,160,0.01670535405476888
357,rbf,0.0001,1000,1,5.7376116231065595,0.10448087534673933,0.0003447901273837463,3.119681920660953e-06,161,0.35053173700968426
269,rbf,0.0001,100,1,5.7376116231065595,0.10448087534673933,0.0003447901273837463,3.119681920660953e-06,161,0.3465089003245036
277,rbf,0.0005,100,1,5.737684723304857,0.1044814262550914,0.0008041863476215501,1.3632361582380366e-05,163,0.3516785303751628
365,rbf,0.0005,1000,1,5.737684723304857,0.1044814262550914,0.0008041863476215501,1.3632361582380366e-05,163,0.3524138927459717
285,rbf,0.001,100,1,5.737791400777926,0.10447056703628661,0.0014929513608359102,7.364351900134782e-06,165,0.35112611452738446
373,rbf,0.001,1000,1,5.737791400777926,0.10447056703628661,0.0014929513608359102,7.364351900134782e-06,165,0.34803207715352374
381,rbf,0.005,1000,1,5.738603148078924,0.1044081069423131,0.007139226225178631,2.5520448110202296e-06,167,0.33231743176778156
293,rbf,0.005,100,1,5.738603148078924,0.1044081069423131,0.007139226225178631,2.5520448110202296e-06,167,0.32762964566548664
301,rbf,0.01,100,1,5.73960611651897,0.10431497152299168,0.01420048298965753,6.2011424976877485e-06,169,0.33039267857869464
389,rbf,0.01,1000,1,5.73960611651897,0.10431497152299168,0.01420048298965753,6.2011424976877485e-06,169,0.3352046012878418
309,rbf,0.05,100,1,5.74780214989127,0.10363817392502289,0.07056101489527537,4.655216807279865e-05,171,0.3099510669708252
397,rbf,0.05,1000,1,5.74780214989127,0.10363817392502289,0.07056101489527537,4.655216807279865e-05,171,0.31876810391743976
163,rbf,5,1,0.01,5.75756161357894,0.06294105294159824,5.728254987094004,0.03792050605091593,173,0.0402525266011556
405,rbf,0.1,1000,1,5.758286459857312,0.10280349677965697,0.1405959167312074,3.777211702660604e-05,174,0.2882607777913411
317,rbf,0.1,100,1,5.758286459857312,0.10280349677965697,0.1405959167312074,3.777211702660604e-05,174,0.2847891648610433
433,rbf,10,1000,0.001,5.836372629131032,0.18479406113777794,5.79274942550845,0.10964520176879605,176,0.036441802978515625
325,rbf,0.5,100,1,5.854399529391634,0.1011500283567234,0.6813473342088238,0.0009998887749957247,177,0.26559074719746906
413,rbf,0.5,1000,1,5.854399529391634,0.1011500283567234,0.6813473342088238,0.0009998887749957247,177,0.26738770802815753
181,rbf,0.0001,10,1,5.872714450443692,0.09506057312107521,0.9109312691246917,0.005384494225296835,179,0.28249502182006836
189,rbf,0.0005,10,1,5.872781361031193,0.09505921823045412,0.9112715549835335,0.005386570605820731,180,0.28410911560058594
197,rbf,0.001,10,1,5.872868601406636,0.0950571671425112,0.9117705459612312,0.005390800349310521,181,0.28680944442749023
205,rbf,0.005,10,1,5.873579572548313,0.09501157554121466,0.915951859590649,0.005401027550512085,182,0.27745556831359863
213,rbf,0.01,10,1,5.8744617661736624,0.0949628198356466,0.9211814394003118,0.005411197946355633,183,0.28026588757832843
346,rbf,10,100,0.005,5.875574342522186,0.11263134002746314,5.838133702361524,0.15321174079160502,184,0.01909184455871582
221,rbf,0.05,10,1,5.881603685445583,0.09459100739347359,0.9631488483480787,0.005509521099126829,185,0.26569652557373047
229,rbf,0.1,10,1,5.8909145786979344,0.09414310763905416,1.0156951029655048,0.005705815071609824,186,0.24755756060282388
249,rbf,5,10,0.001,5.9089242400040725,0.057730880961436117,5.881250297351486,0.0387816485877686,187,0.044632911682128906
336,rbf,5,100,0.0001,5.948421887345995,0.059014836667525876,5.921138246746337,0.04245994583954719,188,0.042721192042032875
146,rbf,0.5,1,0.005,5.955215295310313,0.053634838770915884,5.90745437456913,0.024822533040659744,189,0.1249848206837972
130,rbf,0.05,1,0.005,5.971369537316008,0.05083847989301456,5.916366324029206,0.02933089647452924,190,0.14080142974853516
122,rbf,0.01,1,0.005,5.975527642604397,0.04957855073344987,5.919431938007502,0.030401433435116098,191,0.1390549341837565
114,rbf,0.005,1,0.005,5.976346796208044,0.04891934559262996,5.920073078325337,0.03098698650885253,192,0.14322479565938315
106,rbf,0.001,1,0.005,5.976845465300147,0.04847905588132312,5.920524069727459,0.03142851728526749,193,0.13502089182535806
98,rbf,0.0005,1,0.005,5.976930020560842,0.048460160986004724,5.920602492003339,0.03145659574146105,194,0.1373740037282308
90,rbf,0.0001,1,0.005,5.976971575517435,0.048364518958395955,5.920635314611616,0.03153973827775178,195,0.13449772198994955
237,rbf,0.5,10,1,5.977417658032405,0.09603975814113994,1.4353336578158633,0.0075657317472946056,196,0.21244120597839355
138,rbf,0.1,1,0.005,5.9781849923179236,0.05212831338200318,5.9237122640140685,0.028358687435840652,197,0.13474210103352866
154,rbf,1,1,0.005,5.981826100429392,0.05154735334128554,5.935445470280354,0.029870817737410096,198,0.11828494071960449
333,rbf,1,100,1,6.00042120823074,0.1006897508556428,1.3108827133031236,0.0024014073003914382,199,0.22252798080444336
421,rbf,1,1000,1,6.00042120823074,0.1006897508556428,1.3108827133031236,0.0024014073003914382,199,0.2294938564300537
245,rbf,1,10,1,6.10764503457106,0.09909674778940977,1.9396812144488529,0.011433054491982805,201,0.19331924120585123
44,rbf,0.05,0.1,0.1,6.613789881927819,0.09414967161841262,6.5505518031751935,0.04991032589153408,202,0.13767457008361816
12,rbf,0.0005,0.1,0.1,6.613971816273001,0.09570253791988174,6.5519555959531575,0.05182289569166143,203,0.138307253519694
4,rbf,0.0001,0.1,0.1,6.613973149114826,0.09566816310554131,6.551973395158927,0.05185857235541907,204,0.13061992327372232
20,rbf,0.001,0.1,0.1,6.6140027669845045,0.09571667001366885,6.551978418731423,0.05182064827608762,205,0.13318514823913574
28,rbf,0.005,0.1,0.1,6.6141142478986135,0.09577791839388562,6.551911875413443,0.05130563132033299,206,0.1406393845876058
36,rbf,0.01,0.1,0.1,6.614181379587585,0.09538508427446657,6.551688348794453,0.05111658088153757,207,0.13319102923075357
52,rbf,0.1,0.1,0.1,6.61783590773715,0.0958285922489995,6.55418068469226,0.04682357541746717,208,0.1313495635986328
60,rbf,0.5,0.1,0.1,6.644767430558534,0.0751253847291657,6.581954419362212,0.050912799301823956,209,0.11883227030436198
345,rbf,10,100,0.001,6.673849119042377,0.2236784828756741,6.614055510180268,0.10384120145642368,210,0.012475728988647461
432,rbf,10,1000,0.0001,6.674290059147338,0.23349473404982424,6.6140542346615865,0.09833552408081846,211,0.010317484537760416
162,rbf,5,1,0.005,6.695237827276938,0.013462866828847807,6.669756185813292,0.0870855135740666,212,0.047806898752848305
68,rbf,1,0.1,0.1,6.716032975641937,0.05638451150417449,6.6606741125707565,0.06425781795476428,213,0.10691269238789876
259,rbf,10,10,0.01,6.747558958623256,0.1864722510446382,6.698487726823967,0.05873464335620415,214,0.008383591969807943
258,rbf,10,10,0.005,7.026858744927398,0.1826208208772115,6.987093459476469,0.05546048499368114,215,0.011841932932535807
348,rbf,10,100,0.1,7.548176569720713,0.04808537179536615,7.503353007749284,0.1628089438840678,216,0.015665054321289062
436,rbf,10,1000,0.1,7.548176569720713,0.04808537179536615,7.503353007749284,0.1628089438840678,216,0.014605363210042318
260,rbf,10,10,0.1,7.629218208715177,0.027626045808815423,7.576171023638391,0.2159289967942563,218,0.012499491373697916
429,rbf,5,1000,1,8.003355004594136,0.08651508489123445,5.428544299859422,0.0199726966825277,219,0.11638967196146648
341,rbf,5,100,1,8.003355004594136,0.08651508489123445,5.428544299859422,0.0199726966825277,219,0.10724449157714844
253,rbf,5,10,1,8.020526575700865,0.08576303107049868,5.614237192976206,0.010998615689432872,221,0.10099069277445476
76,rbf,5,0.1,0.1,8.31331646531541,0.05146282923708804,8.273100810132648,0.04081246837857856,222,0.0566096305847168
344,rbf,10,100,0.0001,8.443816355326119,0.12070237064330605,8.419234614841724,0.13520462907088834,223,0.02153627077738444
257,rbf,10,10,0.001,8.48599365593626,0.10823467171026165,8.460234410296145,0.10759371444650605,224,0.01894656817118327
172,rbf,10,1,0.1,8.682058571738745,0.12370312712537351,8.631297631100034,0.04947509051939816,225,0.013326803843180338
171,rbf,10,1,0.01,8.746513742475889,0.09146399357833965,8.72174502716831,0.08148016955816703,226,0.022121270497639973
170,rbf,10,1,0.005,9.431581111552179,0.058266793122599574,9.408548426446647,0.06672654812721211,227,0.027582724889119465
232,rbf,0.5,10,0.0001,9.867538023188631,0.04289944502368666,9.845751719309163,0.0903523526474589,228,0.12756570180257162
240,rbf,1,10,0.0001,9.869936758248352,0.07102918987535087,9.845900797280814,0.091069876133371,229,0.11655902862548828
176,rbf,0.0001,10,0.0001,9.875246459519047,0.06166676083680628,9.855183862029682,0.06210915202779584,230,0.1363531748453776
184,rbf,0.0005,10,0.0001,9.875272454027915,0.061702324107396025,9.855198871974885,0.06216091116177071,231,0.13560819625854492
192,rbf,0.001,10,0.0001,9.875370164853026,0.06164946007261303,9.855282095855529,0.06231232438771812,232,0.13720043500264487
200,rbf,0.005,10,0.0001,9.875558987736953,0.06016982627451571,9.855420215958453,0.06363991073183767,233,0.14040891329447427
216,rbf,0.05,10,0.0001,9.875794685696905,0.0578455353214719,9.85471235250814,0.0710309356743581,234,0.13514399528503418
208,rbf,0.01,10,0.0001,9.876357968668964,0.058791399145424944,9.856075454195247,0.06579629671345721,235,0.1358636220296224
224,rbf,0.1,10,0.0001,9.88156305963615,0.05378020715944852,9.859974158594076,0.07245028064632315,236,0.136869748433431
145,rbf,0.5,1,0.001,9.928935071737692,0.03870309500010207,9.906698503206632,0.09100591979754429,237,0.13214524586995444
105,rbf,0.001,1,0.001,9.93061555929429,0.06279398950884797,9.909956027199621,0.06721212279950838,238,0.13707304000854492
97,rbf,0.0005,1,0.001,9.930733304802803,0.06284832878981238,9.910070716325526,0.06723085515514364,239,0.13567543029785156
89,rbf,0.0001,1,0.001,9.930906224652214,0.06299445963642018,9.91024601292491,0.06726831148024331,240,0.13588762283325195
113,rbf,0.005,1,0.001,9.931454436452496,0.06443421537722063,9.910728355802979,0.06721211317855735,241,0.14054497083028158
121,rbf,0.01,1,0.001,9.932104838284324,0.06494185543096218,9.911370593472796,0.06630416490458162,242,0.13896393775939941
129,rbf,0.05,1,0.001,9.93390321557465,0.06132173108055326,9.912743540997557,0.06986430796970489,243,0.13865057627360025
137,rbf,0.1,1,0.001,9.939647589909702,0.05496584713281058,9.918042416173089,0.08025861590203269,244,0.135862668355306
153,rbf,1,1,0.001,9.94013516506007,0.06391659837836257,9.916836769019092,0.08436565196422961,245,0.11897897720336914
93,rbf,0.0001,1,1,10.240865282877513,0.04658714959728824,9.099315867291814,0.007222983675007327,246,0.14109198252360025
101,rbf,0.0005,1,1,10.240871044940251,0.04660002978344233,9.099323706807448,0.007232746191679846,247,0.14565141995747885
109,rbf,0.001,1,1,10.240872217038444,0.04660047877423415,9.09932387371506,0.00722616019090272,248,0.14416742324829102
117,rbf,0.005,1,1,10.240941665673619,0.04665983329820732,9.099421053892302,0.0072686878969421154,249,0.15959715843200684
125,rbf,0.01,1,1,10.241031567404926,0.046736003977941705,9.099539900608328,0.007309172324785166,250,0.14217114448547363
133,rbf,0.05,1,1,10.241742790340098,0.04747494331762573,9.100604961322246,0.007870154475451686,251,0.15284903844197592
141,rbf,0.1,1,1,10.242720494384953,0.048640683577328564,9.102286447501514,0.009035223747538233,252,0.14255547523498535
149,rbf,0.5,1,1,10.265549546772663,0.05291231887574297,9.136761151078263,0.011068847742437327,253,0.13349668184916177
157,rbf,1,1,1,10.291586843942525,0.056690193403639746,9.193034964220757,0.015604998863040625,254,0.12127645810445149
43,rbf,0.05,0.1,0.01,10.573400079008637,0.05221073773824999,10.5514542497477,0.08882532122633767,255,0.1409903367360433
27,rbf,0.005,0.1,0.01,10.576490331595108,0.04932171979367014,10.55514596490013,0.08676805796422887,256,0.13806517918904623
35,rbf,0.01,0.1,0.01,10.576745419099447,0.049947677799060335,10.555351274150306,0.08659000469673607,257,0.13462448120117188
19,rbf,0.001,0.1,0.01,10.577395385816509,0.048516614453996416,10.556200629945627,0.08706804853453161,258,0.13787031173706055
11,rbf,0.0005,0.1,0.01,10.577673074279515,0.04837397008047893,10.55649953000511,0.0873180340427171,259,0.13663872083028158
3,rbf,0.0001,0.1,0.01,10.577876430854806,0.04835462374461531,10.556707004330471,0.08741170218689734,260,0.13828118642171225
51,rbf,0.1,0.1,0.01,10.579347900659515,0.048926449765478615,10.557342403232877,0.09105178530488285,261,0.14275876681009927
248,rbf,5,10,0.0001,10.580935406823123,0.044615954031450515,10.562366770873677,0.050430640820593106,262,0.07779717445373535
59,rbf,0.5,0.1,0.01,10.585269744244947,0.03427797776055124,10.563795750526836,0.08176158986117334,263,0.13016208012898764
67,rbf,1,0.1,0.01,10.606188126449792,0.040531416735881176,10.584380968114614,0.08045133876224765,264,0.12426543235778809
161,rbf,5,1,0.001,10.63566438012616,0.04066907839163656,10.61734328536737,0.05003741840347512,265,0.0733167330423991
165,rbf,5,1,1,11.323637424650139,0.021312853056945455,10.498886735943625,0.025055795880671,266,0.07855852444966634
75,rbf,5,0.1,0.01,11.345072118491245,0.039266941969170785,11.321514519713766,0.05099863981205754,267,0.07830746968587239
84,rbf,10,0.1,0.1,11.522721953148638,0.02572619877592525,11.493227423877732,0.03577066441515279,268,0.038512070973714195
437,rbf,10,1000,1,11.585389267055236,0.13122700123968897,10.222313831901728,0.04948648808581453,269,0.06808114051818848
349,rbf,10,100,1,11.585389267055236,0.13122700123968897,10.222313831901728,0.04948648808581453,269,0.06425762176513672
261,rbf,10,10,1,11.590184281724559,0.12750170445998416,10.257121714288921,0.05189047969697453,271,0.06406903266906738
256,rbf,10,10,0.0001,12.684696631767304,0.055013841083678745,12.667811480864804,0.017096303498981755,272,0.04627911249796549
169,rbf,10,1,0.001,12.7297190375444,0.04327184993298556,12.712954873858903,0.007602039927568265,273,0.04670961697896322
42,rbf,0.05,0.1,0.005,12.777222204539214,0.050422678899674785,12.759850578114184,0.07507616074691578,274,0.14071337381998697
50,rbf,0.1,0.1,0.005,12.77732304400345,0.0522076862695884,12.759750416860768,0.07386911183073222,275,0.13603790601094565
34,rbf,0.01,0.1,0.005,12.780387442521024,0.05139300022134679,12.762990045122782,0.07347886589966711,276,0.1374497413635254
2,rbf,0.0001,0.1,0.005,12.780565873921304,0.05163320916664179,12.763336344967334,0.07359940662126324,277,0.14116915067036948
10,rbf,0.0005,0.1,0.005,12.780667739167194,0.051565957371359855,12.763439693654059,0.0735611693339343,278,0.13897339502970377
18,rbf,0.001,0.1,0.005,12.780795087739472,0.051481887114398425,12.763568897100717,0.07351343973077394,279,0.1449437141418457
26,rbf,0.005,0.1,0.005,12.781013968712982,0.05134727322997465,12.7637020095682,0.07385088906461013,280,0.14051898320515951
58,rbf,0.5,0.1,0.005,12.792351585367099,0.04644693593774657,12.774659918968219,0.07199492856684687,281,0.13073436419169107
66,rbf,1,0.1,0.005,12.82518677340614,0.03813353460080861,12.80712641849509,0.05822768876895669,282,0.12351051966349284
83,rbf,10,0.1,0.01,13.205556354905383,0.02534687161663803,13.189277797575196,0.013544466009154026,283,0.0507806142171224
74,rbf,5,0.1,0.005,13.331145460339721,0.05362106444250908,13.30520554910052,0.042849556542869933,284,0.08601037661234538
173,rbf,10,1,1,13.490341037879881,0.0275127204471993,12.915351648703236,0.04216784126811608,285,0.05921467145284017
270,rbf,0.0001,100,3,13.828439785296169,0.05290277851808806,0.00032116048403970233,1.0493545652339787e-05,286,0.35725633303324383
358,rbf,0.0001,1000,3,13.828439785296169,0.05290277851808806,0.00032116048403970233,1.0493545652339787e-05,286,0.3577427864074707
278,rbf,0.0005,100,3,13.828529143131709,0.05290552078383123,0.0007429572050472165,4.7208382256055335e-06,288,0.35532768567403156
366,rbf,0.0005,1000,3,13.828529143131709,0.05290552078383123,0.0007429572050472165,4.7208382256055335e-06,288,0.3600018819173177
374,rbf,0.001,1000,3,13.828648738806386,0.05290662655818067,0.0014373386527220542,4.453193830947362e-06,290,0.3618498643239339
286,rbf,0.001,100,3,13.828648738806386,0.05290662655818067,0.0014373386527220542,4.453193830947362e-06,290,0.3546857039133708
382,rbf,0.005,1000,3,13.829580933914743,0.052926864059326464,0.007092941821246596,1.0748650215135602e-05,292,0.35626641909281415
294,rbf,0.005,100,3,13.829580933914743,0.052926864059326464,0.007092941821246596,1.0748650215135602e-05,292,0.3521549701690674
390,rbf,0.01,1000,3,13.830736846562763,0.052956782360858455,0.01414189458011579,6.496858926030234e-06,294,0.35905615488688153
302,rbf,0.01,100,3,13.830736846562763,0.052956782360858455,0.01414189458011579,6.496858926030234e-06,294,0.3520178000132243
310,rbf,0.05,100,3,13.840038794377861,0.05314915420334541,0.07061648175601848,1.0670536259448247e-05,296,0.3208151658376058
398,rbf,0.05,1000,3,13.840038794377861,0.05314915420334541,0.07061648175601848,1.0670536259448247e-05,296,0.32695825894673664
406,rbf,0.1,1000,3,13.851692707658927,0.05336730171572723,0.14094777651099755,3.7646546887786635e-05,298,0.32616647084554035
318,rbf,0.1,100,3,13.851692707658927,0.05336730171572723,0.14094777651099755,3.7646546887786635e-05,298,0.326705535252889
414,rbf,0.5,1000,3,13.946425982880003,0.05514659089748218,0.6983111602328477,0.0008556568409775697,300,0.32459696133931476
326,rbf,0.5,100,3,13.946425982880003,0.05514659089748218,0.6983111602328477,0.0008556568409775697,300,0.31157588958740234
334,rbf,1,100,3,14.068548514591235,0.05617078529389762,1.3804108230753,0.002350884354651026,302,0.29976820945739746
422,rbf,1,1000,3,14.068548514591235,0.05617078529389762,1.3804108230753,0.002350884354651026,302,0.30990322430928546
182,rbf,0.0001,10,3,14.309535454057306,0.020870108424836466,4.337828577897482,0.03812930143985436,304,0.2825746536254883
190,rbf,0.0005,10,3,14.309580531714674,0.02086581547468666,4.337996179133992,0.038124810639489935,305,0.2830623785654704
198,rbf,0.001,10,3,14.309637170784782,0.02086505651614646,4.338274997873396,0.03812330825141373,306,0.28940590222676593
206,rbf,0.005,10,3,14.310081299060814,0.02084353211507849,4.340560317965832,0.03810432113564442,307,0.28716230392456055
214,rbf,0.01,10,3,14.31063712623302,0.020815711319528887,4.343443172045723,0.03806187793498195,308,0.281800111134847
222,rbf,0.05,10,3,14.315139942555161,0.02060957641413292,4.366812126856605,0.03785613144958943,309,0.27432409922281903
230,rbf,0.1,10,3,14.3208424866568,0.02037072983934196,4.3966055001618365,0.03764154405636434,310,0.27246785163879395
238,rbf,0.5,10,3,14.369837093254601,0.019183732479045933,4.6491299560469,0.03771544057303384,311,0.26777219772338867
246,rbf,1,10,3,14.438558521336844,0.019580366059457715,4.987136451245285,0.03745547417550948,312,0.2715439796447754
82,rbf,10,0.1,0.005,14.46889607839728,0.018510562320456093,14.451829224547268,0.043688891450582905,313,0.0571291446685791
430,rbf,5,1000,3,15.145048832063672,0.05430843191708999,6.324568477561232,0.010419086247494018,314,0.24113043149312338
342,rbf,5,100,3,15.145048832063672,0.05430843191708999,6.324568477561232,0.010419086247494018,314,0.24419498443603516
254,rbf,5,10,3,15.207998255886144,0.024153082150929123,7.974346416009794,0.041334805056715315,316,0.2114682992299398
152,rbf,1,1,0.0001,15.90614765695411,0.041587692378899616,15.886570164415012,0.035697731440488864,317,0.12990760803222656
136,rbf,0.1,1,0.0001,15.907777232512698,0.048408241188345115,15.885642851843215,0.036060789306242125,318,0.14165369669596353
120,rbf,0.01,1,0.0001,15.908121725053766,0.04741319830530556,15.886549969572236,0.035777855265377204,319,0.14420135815938315
112,rbf,0.005,1,0.0001,15.908242488197336,0.04735017568820141,15.886694059858224,0.035786291194378796,320,0.14434115091959634
88,rbf,0.0001,1,0.0001,15.90826551917526,0.047318604519068636,15.886739099047006,0.03576414017700145,321,0.13828468322753906
104,rbf,0.001,1,0.0001,15.90826551917526,0.047318604519068636,15.886739099047006,0.03576414017700145,321,0.1462265650431315
96,rbf,0.0005,1,0.0001,15.90826551917526,0.047318604519068636,15.886739099047006,0.03576414017700145,321,0.13945746421813965
128,rbf,0.05,1,0.0001,15.90848951837861,0.04829301417036642,15.885864943658182,0.03630888360081011,324,0.14646283785502115
144,rbf,0.5,1,0.0001,15.910101253195437,0.050313007487808634,15.886819436425336,0.03619058701930145,325,0.13650782903035483
65,rbf,1,0.1,0.001,15.92628301606433,0.04128843847571956,15.906383046865605,0.035531698750198994,326,0.13396104176839194
49,rbf,0.1,0.1,0.001,15.928590089463349,0.04867085586078969,15.90641891229693,0.035559314973752726,327,0.1423830191294352
41,rbf,0.05,0.1,0.001,15.928645475716445,0.048125717534486565,15.90594501422541,0.036324345448129874,328,0.14682316780090332
33,rbf,0.01,0.1,0.001,15.928787007170712,0.04769218516716897,15.906952297491765,0.03548175060734133,329,0.1475964387257894
25,rbf,0.005,0.1,0.001,15.928829581131305,0.04761424083363267,15.907037117106222,0.03554229180256703,330,0.14625024795532227
17,rbf,0.001,0.1,0.001,15.928945283683213,0.04765858758719943,15.907122101869307,0.035661233287784304,331,0.14068182309468588
9,rbf,0.0005,0.1,0.001,15.928959763633559,0.04766417414091166,15.907132742841624,0.03567612658122081,332,0.1385058561960856
1,rbf,0.0001,0.1,0.001,15.928971350334649,0.047668650305719665,15.90714125847952,0.035688045312809086,333,0.14046327273050943
57,rbf,0.5,0.1,0.001,15.930364624718147,0.050055079985478236,15.906824756165653,0.0364813391044796,334,0.13663872083028158
29,rbf,0.005,0.1,1,15.998236851445965,0.04821095600837128,15.850007835722154,0.027036779364140923,335,0.13406109809875488
21,rbf,0.001,0.1,1,15.99825236674902,0.04826684389584163,15.850086725252353,0.02694748563036201,336,0.13115247090657553
13,rbf,0.0005,0.1,1,15.998255572993335,0.048275686746747586,15.850097129057195,0.02693639998401729,337,0.1338371435801188
5,rbf,0.0001,0.1,1,15.998257762900236,0.04828139566027061,15.850104873344714,0.026928080206307273,338,0.13150906562805176
37,rbf,0.01,0.1,1,15.998263940804648,0.04821068171110394,15.849925756553253,0.027116931211648685,339,0.1313161849975586
45,rbf,0.05,0.1,1,15.998740352006436,0.04833802136211682,15.849437511822309,0.027941792495632042,340,0.1336064338684082
53,rbf,0.1,0.1,1,15.999270942280534,0.04847467615840198,15.848940208272552,0.028003658874635264,341,0.1318821907043457
69,rbf,1,0.1,1,15.999816036765404,0.04919877610937446,15.848515745377043,0.030673006219183875,342,0.11987908681233723
160,rbf,5,1,0.0001,16.00389633099982,0.02248242935532248,15.971828025350725,0.03757530593860627,343,0.097473939259847
61,rbf,0.5,0.1,1,16.004009955004545,0.05296694161035379,15.85013184773445,0.03147793918494463,344,0.1252750555674235
73,rbf,5,0.1,0.001,16.020887993894807,0.022297922586504586,15.988735410359917,0.03711925486582548,345,0.09567618370056152
77,rbf,5,0.1,1,16.06012605842857,0.0230536025617358,15.921795734579755,0.0275974099709588,346,0.08973129590352376
168,rbf,10,1,0.0001,16.451693367005856,0.026083176648623797,16.42462647802314,0.02749249900284195,347,0.06386677424112956
81,rbf,10,0.1,0.001,16.46479946240028,0.02458560957272128,16.43722885336489,0.027903024004402036,348,0.06500832239786784
183,rbf,0.0001,10,5,16.47798344949401,0.029312261063154568,5.820384699038755,0.05723713371954395,349,0.23596827189127603
191,rbf,0.0005,10,5,16.477993754634195,0.029308707622874387,5.820493261124725,0.05722646247186425,350,0.23966765403747559
199,rbf,0.001,10,5,16.478006558889216,0.029303765422212004,5.820682156228584,0.057220660148152934,351,0.24008472760518393
207,rbf,0.005,10,5,16.47810853800467,0.029267157365192063,5.822251288976159,0.057207888757434766,352,0.23103555043538412
215,rbf,0.01,10,5,16.478236155697285,0.02922096680525026,5.824235942995675,0.05719473585105913,353,0.2320261001586914
271,rbf,0.0001,100,5,16.47842086152971,0.03837486519155829,0.0002878737285653227,2.0283933024399283e-05,354,0.31913018226623535
359,rbf,0.0001,1000,5,16.47842086152971,0.03837486519155829,0.0002878737285653227,2.0283933024399283e-05,354,0.3253633975982666
367,rbf,0.0005,1000,5,16.478454552690163,0.03837664670974942,0.0007387701947512872,9.412962789023109e-06,356,0.326354185740153
279,rbf,0.0005,100,5,16.478454552690163,0.03837664670974942,0.0007387701947512872,9.412962789023109e-06,356,0.32274826367696124
375,rbf,0.001,1000,5,16.47849504334457,0.03837734931397457,0.001431381795361927,6.573153194315052e-06,358,0.3280293941497803
287,rbf,0.001,100,5,16.47849504334457,0.03837734931397457,0.001431381795361927,6.573153194315052e-06,358,0.32007630666097003
383,rbf,0.005,1000,5,16.478823965275918,0.038386038085845404,0.007075509053022496,4.688270112708527e-06,360,0.33054089546203613
295,rbf,0.005,100,5,16.478823965275918,0.038386038085845404,0.007075509053022496,4.688270112708527e-06,360,0.3262186845143636
303,rbf,0.01,100,5,16.479234140042923,0.038395451299215136,0.01414480151240774,6.151357750152996e-06,362,0.3242225646972656
391,rbf,0.01,1000,5,16.479234140042923,0.038395451299215136,0.01414480151240774,6.151357750152996e-06,362,0.3299101988474528
223,rbf,0.05,10,5,16.479264136352082,0.028852038187512172,5.840505044642985,0.05706600658933293,364,0.22400832176208496
231,rbf,0.1,10,5,16.48056638097874,0.028380861660071522,5.861530427508505,0.05691307791104655,365,0.221419890721639
311,rbf,0.05,100,5,16.482518923822273,0.03848461660429538,0.07066858015308386,3.774835359766694e-05,366,0.31632741292317706
399,rbf,0.05,1000,5,16.482518923822273,0.03848461660429538,0.07066858015308386,3.774835359766694e-05,366,0.3154450257619222
319,rbf,0.1,100,5,16.48663177404656,0.03858733291759914,0.1412253245025119,0.0001120569340513616,368,0.2849705219268799
407,rbf,0.1,1000,5,16.48663177404656,0.03858733291759914,0.1412253245025119,0.0001120569340513616,368,0.2905424435933431
239,rbf,0.5,10,5,16.4923089442384,0.024453492382815446,6.047738355026124,0.05531094771489769,370,0.22320771217346191
247,rbf,1,10,5,16.510575596946524,0.019826553963842673,6.306801652091324,0.055096881459660636,371,0.21319913864135742
85,rbf,10,0.1,1,16.513369522614813,0.01306787149108607,16.398310827795306,0.02598962489841245,372,0.06475122769673665
415,rbf,0.5,1000,5,16.520308742892176,0.039422352909806745,0.70014411531653,0.0009132320807792659,373,0.29590948422749835
327,rbf,0.5,100,5,16.520308742892176,0.039422352909806745,0.70014411531653,0.0009132320807792659,373,0.28571494420369464
262,rbf,10,10,3,16.535138445700383,0.01950203665643445,11.972274457200307,0.04072914535743181,375,0.16286540031433105
350,rbf,10,100,3,16.549146476369824,0.039005359027856325,11.567801983093938,0.02764568611606291,376,0.1821136474609375
438,rbf,10,1000,3,16.549146476369824,0.039005359027856325,11.567801983093938,0.02764568611606291,376,0.17658130327860513
335,rbf,1,100,5,16.563837519421963,0.040227034959129895,1.387008964167171,0.0023468637022964786,378,0.26509467760721844
423,rbf,1,1000,5,16.563837519421963,0.040227034959129895,1.387008964167171,0.0023468637022964786,378,0.2789014975229899
158,rbf,1,1,3,16.581687656831203,0.044792058458290936,15.319650035747154,0.024511434480558494,380,0.16530434290568033
94,rbf,0.0001,1,3,16.58354330467762,0.0478314534251717,15.31155124524607,0.025201071174252517,381,0.1740283966064453
102,rbf,0.0005,1,3,16.58354515199622,0.04783176739246202,15.311551427670208,0.025201827777864838,382,0.17804193496704102
110,rbf,0.001,1,3,16.583547418894657,0.047832136071896486,15.31155143918196,0.025203103920690993,383,0.17835084597269693
118,rbf,0.005,1,3,16.58356787100114,0.04783471869843028,15.311554287007596,0.025215945984127023,384,0.1815307935078939
126,rbf,0.01,1,3,16.58359452043486,0.04783882014319322,15.311559402903113,0.02523150278402056,385,0.1776545842488607
134,rbf,0.05,1,3,16.58379944165146,0.04790060457597293,15.311615568784637,0.02531900248808341,386,0.18221131960550943
142,rbf,0.1,1,3,16.584196768291132,0.048079125300503824,15.311842076100419,0.025407998480402105,387,0.20169965426127115
150,rbf,0.5,1,3,16.58529591720157,0.04791464913488698,15.314095508708363,0.025839456937378432,388,0.174073855082194
166,rbf,5,1,3,16.595239470605655,0.01913372034135066,15.488408824448605,0.026581580722928124,389,0.1220242182413737
255,rbf,5,10,5,16.812079124269893,0.006034275344502693,8.761677739666164,0.04224446896284669,390,0.18493056297302246
72,rbf,5,0.1,0.0001,16.81833479694645,0.02063229773843986,16.78855577471843,0.027865211046864954,391,0.10071547826131184
48,rbf,0.1,0.1,0.0001,16.827821872999998,0.046051591838238926,16.803983543625364,0.02661713131725208,392,0.14493513107299805
40,rbf,0.05,0.1,0.0001,16.82831470996982,0.046411423222175334,16.805271277124326,0.026406841184968756,393,0.14288544654846191
32,rbf,0.01,0.1,0.0001,16.828698984400038,0.04631846845092258,16.805173022299613,0.02772372603892616,394,0.14311695098876953
0,rbf,0.0001,0.1,0.0001,16.8288151084696,0.046425174857852095,16.805418936633174,0.02781796825618375,395,0.147401491800944
16,rbf,0.001,0.1,0.0001,16.8288151084696,0.046425174857852095,16.805418936633174,0.02781796825618375,395,0.14301125208536783
8,rbf,0.0005,0.1,0.0001,16.8288151084696,0.046425174857852095,16.805418936633174,0.02781796825618375,395,0.13892126083374023
24,rbf,0.005,0.1,0.0001,16.828854322014084,0.046421573196457976,16.805379895303375,0.027847904248742898,398,0.14195760091145834
56,rbf,0.5,0.1,0.0001,16.83237441023094,0.046724654877513955,16.806414615296777,0.027474013954821394,399,0.1356182098388672
64,rbf,1,0.1,0.0001,16.83303851100364,0.04686582780489148,16.805897136626523,0.02722957870996032,400,0.13074501355489096
167,rbf,5,1,5,16.8688595235637,0.01953703908451432,15.757396618141039,0.02777256931924249,401,0.10976545015970866
78,rbf,5,0.1,3,16.88039189419264,0.022618513835639315,16.739741770940547,0.02574423022657707,402,0.12640039126078287
159,rbf,1,1,5,16.880910629950293,0.045059971858418556,15.617796766320192,0.02532750293996511,403,0.1422861417134603
95,rbf,0.0001,1,5,16.883038056220634,0.0476258697538774,15.611588912767315,0.025336173109325944,404,0.16089844703674316
103,rbf,0.0005,1,5,16.88303954522181,0.04762623156834595,15.611588848366836,0.0253366141941634,405,0.15884772936503092
111,rbf,0.001,1,5,16.8830417736115,0.04762705999901832,15.611589004011561,0.025337032072113186,406,0.16271797815958658
119,rbf,0.005,1,5,16.883058459706493,0.04763268736691834,15.611590138843654,0.025340416346246907,407,0.1608881155649821
127,rbf,0.01,1,5,16.883080215819806,0.04764040867328653,15.61159253660771,0.02534572284518534,408,0.16513744990030924
135,rbf,0.05,1,5,16.883265558392846,0.047693337711157,15.61164545221051,0.025394053717027878,409,0.1610250473022461
143,rbf,0.1,1,5,16.88355800708435,0.047818559570537524,15.611769893646864,0.02542906629587461,410,0.17241660753885904
151,rbf,0.5,1,5,16.88465059637826,0.04768762612304636,15.613652609408483,0.02573676752360448,411,0.1539759635925293
38,rbf,0.01,0.1,3,16.897416506907593,0.046221820343258356,16.747694131574487,0.02516186924160732,412,0.1683946450551351
54,rbf,0.1,0.1,3,16.89743425050109,0.046000256572922026,16.74728520871206,0.025685971435057024,413,0.17628057797749838
46,rbf,0.05,0.1,3,16.89745456757979,0.046196010539739506,16.747124555041182,0.025664148768375226,414,0.1732034683227539
30,rbf,0.005,0.1,3,16.897531544865704,0.046273065335879174,16.74785891678599,0.02515356264639796,415,0.17313130696614584
22,rbf,0.001,0.1,3,16.89759879123272,0.04629682638624546,16.747978748069105,0.025142950271973417,416,0.1682415803273519
14,rbf,0.0005,0.1,3,16.897607837059997,0.04629894043943941,16.747991594226892,0.025143341148618437,417,0.16788101196289062
6,rbf,0.0001,0.1,3,16.89761505519697,0.04630063675966559,16.748001887597557,0.02514362391877599,418,0.16967312494913736
62,rbf,0.5,0.1,3,16.901719449782863,0.04683129594911439,16.748461238112295,0.026613783107008078,419,0.1676484743754069
70,rbf,1,0.1,3,16.902319538622674,0.047457024478988905,16.748970826846985,0.02721908990509313,420,0.1556098461151123
79,rbf,5,0.1,5,16.908740669997222,0.0224980545262684,16.768122853442023,0.026190735329739152,421,0.10281093915303548
47,rbf,0.05,0.1,5,16.927740289348005,0.0462378411660045,16.777644256045914,0.02581378808971292,422,0.15098182360331217
55,rbf,0.1,0.1,5,16.927798434637456,0.04614589210925767,16.777820627076377,0.025798824133945474,423,0.14872662226359049
39,rbf,0.01,0.1,5,16.927995506803306,0.04643463917698512,16.778378493976575,0.025389145045115708,424,0.15119806925455728
31,rbf,0.005,0.1,5,16.928098183260403,0.04646780849721887,16.77855089072838,0.025375741872627845,425,0.15371394157409668
23,rbf,0.001,0.1,5,16.92815522001754,0.046483652456564384,16.778669356307184,0.0253666553434249,426,0.15301060676574707
15,rbf,0.0005,0.1,5,16.92816267501141,0.046483731593300326,16.77868065028244,0.025368272790977486,427,0.15846029917399088
7,rbf,0.0001,0.1,5,16.928168494830178,0.0464840012718465,16.77869019396518,0.0253691718086914,428,0.15537945429484049
63,rbf,0.5,0.1,5,16.931719804584272,0.046704001545881994,16.778914249938726,0.026421812910260554,429,0.1428984006245931
71,rbf,1,0.1,5,16.93274543810497,0.04754273765963137,16.77957510162859,0.027412269570666666,430,0.1374492645263672
174,rbf,10,1,3,16.961527960659335,0.01164066113298268,16.11414823751481,0.02570707085478717,431,0.09248089790344238
343,rbf,5,100,5,16.983252686286733,0.04043634943822229,6.379099154553642,0.012822137310978006,432,0.2160781224568685
431,rbf,5,1000,5,16.983252686286733,0.04043634943822229,6.379099154553642,0.012822137310978006,432,0.21589104334513345
80,rbf,10,0.1,0.0001,17.076641224096715,0.01380708576469513,17.04707983275542,0.021810383476798954,434,0.06697535514831543
86,rbf,10,0.1,3,17.130292500445815,0.013363392649527975,17.015020381409826,0.022247339929748117,435,0.08461769421895345
87,rbf,10,0.1,5,17.15218964246099,0.01347685005598517,17.037235384514585,0.02258439676174097,436,0.07488505045572917
175,rbf,10,1,5,17.16517249692627,0.01853952143171723,16.312604322644933,0.02859236379606741,437,0.08281087875366211
263,rbf,10,10,5,17.517460389469434,0.014338698542430136,12.290627402449038,0.02729376644338733,438,0.14221461613972983
351,rbf,10,100,5,17.609039069799195,0.03442064706089958,11.647280754707703,0.024258922991307295,439,0.16134134928385416
439,rbf,10,1000,5,17.609039069799195,0.03442064706089958,11.647280754707703,0.024258922991307295,439,0.1618067423502604
