#Units,batch_size,lr,max_epochs,optimizer,weight_decay,mean_train_score,mean_val_score,rank_val_score
100,64,0.01,1000,<class 'torch.optim.sgd.SGD'>,0.0001,2.3728058338165283,3.1063615481058755,1
50,64,0.01,1000,<class 'torch.optim.sgd.SGD'>,0.0001,2.538460652033488,3.119987964630127,2
50,64,0.01,1000,<class 'torch.optim.sgd.SGD'>,0.001,2.6226518154144287,3.151587724685669,3
100,128,0.01,1000,<class 'torch.optim.sgd.SGD'>,0.0001,2.597214619318644,3.159680128097534,4
100,64,0.01,1000,<class 'torch.optim.sgd.SGD'>,0.0,2.653942028681437,3.1605446338653564,5
100,128,0.01,1000,<class 'torch.optim.sgd.SGD'>,0.001,2.4919306437174478,3.1746224562327066,6
100,64,0.01,1000,<class 'torch.optim.sgd.SGD'>,0.0001,2.63432240486145,3.176234801610311,7
100,256,0.01,1000,<class 'torch.optim.sgd.SGD'>,0.0,2.562021573384603,3.1811797618865967,8
50,64,0.01,1000,<class 'torch.optim.sgd.SGD'>,0.0,2.72366730372111,3.182413101196289,9
100,64,0.01,1000,<class 'torch.optim.sgd.SGD'>,0.001,2.663043737411499,3.183406670888265,10
100,64,0.01,1000,<class 'torch.optim.sgd.SGD'>,0.0,2.373517115910848,3.186919609705607,11
50,64,0.01,1000,<class 'torch.optim.sgd.SGD'>,0.001,2.714316209157308,3.2034414609273276,12
50,64,0.01,1000,<class 'torch.optim.sgd.SGD'>,0.0,2.5611155033111572,3.203508456548055,13
50,64,0.01,1000,<class 'torch.optim.sgd.SGD'>,0.0001,2.710268576939901,3.211773077646891,14
50,128,0.01,1000,<class 'torch.optim.sgd.SGD'>,0.001,2.7100918292999268,3.221709966659546,15
50,128,0.01,1000,<class 'torch.optim.sgd.SGD'>,0.0001,2.7666893005371094,3.2286524772644043,16
50,256,0.01,1000,<class 'torch.optim.sgd.SGD'>,0.0,2.7499097983042398,3.246925195058187,17
50,64,0.01,1000,<class 'torch.optim.sgd.SGD'>,0.0,2.8631808757781982,3.250505208969116,18
100,64,0.01,1000,<class 'torch.optim.sgd.SGD'>,0.0,2.7797261079152427,3.2559534708658853,19
100,128,0.01,1000,<class 'torch.optim.sgd.SGD'>,0.0,2.6572200457255044,3.256659825642904,20
50,128,0.01,1000,<class 'torch.optim.sgd.SGD'>,0.0001,2.913484573364258,3.259161631266276,21
100,64,0.01,1000,<class 'torch.optim.sgd.SGD'>,0.001,2.78686515490214,3.265443801879883,22
100,256,0.01,1000,<class 'torch.optim.sgd.SGD'>,0.001,2.6933303674062095,3.2677634557088218,23
50,256,0.01,1000,<class 'torch.optim.sgd.SGD'>,0.001,2.769846041997274,3.2694692611694336,24
100,128,0.01,1000,<class 'torch.optim.sgd.SGD'>,0.001,2.8588672478993735,3.2712203661600747,25
100,128,0.01,1000,<class 'torch.optim.sgd.SGD'>,0.0001,2.866236448287964,3.272543986638387,26
100,64,0.001,1000,<class 'torch.optim.sgd.SGD'>,0.0,2.881497065226237,3.274529774983724,27
100,64,0.01,1000,<class 'torch.optim.sgd.SGD'>,0.0001,2.773136615753174,3.2747081915537515,28
100,64,0.001,1000,<class 'torch.optim.sgd.SGD'>,0.0001,2.913944959640503,3.286733627319336,29
100,256,0.01,1000,<class 'torch.optim.sgd.SGD'>,0.0001,2.632240136464437,3.2955365975697837,30
50,64,0.01,1000,<class 'torch.optim.sgd.SGD'>,0.0001,2.8823722998301187,3.299998680750529,31
100,64,0.001,1000,<class 'torch.optim.sgd.SGD'>,0.001,2.9404130776723227,3.3029443422953286,32
50,128,0.01,1000,<class 'torch.optim.sgd.SGD'>,0.0,2.829702059427897,3.3032777309417725,33
100,128,0.01,1000,<class 'torch.optim.sgd.SGD'>,0.0,2.922278722127279,3.30900239944458,34
100,64,0.01,1000,<class 'torch.optim.sgd.SGD'>,0.001,2.5890793800354004,3.3112314542134604,35
50,64,0.01,1000,<class 'torch.optim.sgd.SGD'>,0.001,2.854353348414103,3.313373247782389,36
100,128,0.01,1000,<class 'torch.optim.sgd.SGD'>,0.001,2.717033624649048,3.314322312672933,37
50,128,0.01,1000,<class 'torch.optim.sgd.SGD'>,0.0,2.9719847043355307,3.3166677951812744,38
50,64,0.001,1000,<class 'torch.optim.sgd.SGD'>,0.001,2.9652770360310874,3.3168818950653076,39
50,256,0.01,1000,<class 'torch.optim.sgd.SGD'>,0.0001,2.783974011739095,3.323908011118571,40
50,64,0.001,1000,<class 'torch.optim.sgd.SGD'>,0.0001,2.9895766576131186,3.324308236440023,41
50,256,0.01,1000,<class 'torch.optim.sgd.SGD'>,0.001,2.987943649291992,3.334341049194336,42
50,128,0.01,1000,<class 'torch.optim.sgd.SGD'>,0.001,2.9736523628234863,3.3387087186177573,43
50,64,0.01,1000,<class 'torch.optim.sgd.SGD'>,0.0,2.5504234631856284,3.3449509938557944,44
50,64,0.001,1000,<class 'torch.optim.sgd.SGD'>,0.0,3.029832204182943,3.3510032494862876,45
100,64,0.01,1000,<class 'torch.optim.sgd.SGD'>,0.001,2.5472490787506104,3.3561055660247803,46
50,128,0.01,1000,<class 'torch.optim.sgd.SGD'>,0.0001,3.0313006242116294,3.3598644733428955,47
100,128,0.01,1000,<class 'torch.optim.sgd.SGD'>,0.0001,3.030583143234253,3.368341604868571,48
100,256,0.01,1000,<class 'torch.optim.sgd.SGD'>,0.001,2.9410013357798257,3.373851219813029,49
50,64,0.01,1000,<class 'torch.optim.sgd.SGD'>,0.0001,2.661111831665039,3.3870147864023843,50
50,128,0.01,1000,<class 'torch.optim.sgd.SGD'>,0.0,3.091005245844523,3.3882702191670737,51
100,128,0.01,1000,<class 'torch.optim.sgd.SGD'>,0.0,3.020998160044352,3.3910651206970215,52
50,128,0.01,1000,<class 'torch.optim.sgd.SGD'>,0.001,3.0881625016530356,3.3925869464874268,53
100,128,0.01,1000,<class 'torch.optim.sgd.SGD'>,0.001,3.0290810267130532,3.3943487803141275,54
100,256,0.01,1000,<class 'torch.optim.sgd.SGD'>,0.0001,2.9407586256663003,3.394925355911255,55
50,128,0.01,1000,<class 'torch.optim.sgd.SGD'>,0.001,2.822890520095825,3.4105143547058105,56
50,64,0.01,1000,<class 'torch.optim.sgd.SGD'>,0.001,2.773738145828247,3.419112046559652,57
50,128,0.01,1000,<class 'torch.optim.sgd.SGD'>,0.0001,2.93643856048584,3.4194259643554688,58
100,256,0.01,1000,<class 'torch.optim.sgd.SGD'>,0.0,2.973334630330404,3.4256579081217446,59
100,128,0.01,1000,<class 'torch.optim.sgd.SGD'>,0.0001,2.7113338311513266,3.4286065896352134,60
100,128,0.01,1000,<class 'torch.optim.sgd.SGD'>,0.0,2.6681431929270425,3.435007095336914,61
50,256,0.01,1000,<class 'torch.optim.sgd.SGD'>,0.0,3.0349239508310952,3.4402314027150473,62
50,256,0.01,1000,<class 'torch.optim.sgd.SGD'>,0.0001,3.0704969565073648,3.4466731548309326,63
100,256,0.01,1000,<class 'torch.optim.sgd.SGD'>,0.001,3.167628208796183,3.4657015800476074,64
100,256,0.01,1000,<class 'torch.optim.sgd.SGD'>,0.0001,3.1749170621236167,3.467254082361857,65
100,256,0.01,1000,<class 'torch.optim.sgd.SGD'>,0.0,3.1424638430277505,3.4677327473958335,66
50,256,0.01,1000,<class 'torch.optim.sgd.SGD'>,0.001,3.293832540512085,3.538243850072225,67
50,256,0.01,1000,<class 'torch.optim.sgd.SGD'>,0.0001,3.2921698888142905,3.5602928002675376,68
100,64,0.01,1000,<class 'torch.optim.sgd.SGD'>,0.0001,2.5254371960957847,3.5649167696634927,69
100,64,0.01,1000,<class 'torch.optim.sgd.SGD'>,0.0,2.6531956990559897,3.5878258546193442,70
100,128,0.001,1000,<class 'torch.optim.sgd.SGD'>,0.0,3.343980312347412,3.6014110247294107,71
50,256,0.01,1000,<class 'torch.optim.sgd.SGD'>,0.0001,3.3556926250457764,3.6080506642659507,72
50,256,0.01,1000,<class 'torch.optim.sgd.SGD'>,0.0,3.3399484952290854,3.610084851582845,73
100,256,0.01,1000,<class 'torch.optim.sgd.SGD'>,0.001,3.304190715154012,3.612196127573649,74
50,128,0.01,1000,<class 'torch.optim.sgd.SGD'>,0.0,3.0407944520314536,3.623642603556315,75
100,256,0.01,1000,<class 'torch.optim.sgd.SGD'>,0.0001,3.3587963581085205,3.652878522872925,76
50,256,0.01,1000,<class 'torch.optim.sgd.SGD'>,0.0,3.41784930229187,3.6538474559783936,77
50,128,0.001,1000,<class 'torch.optim.sgd.SGD'>,0.001,3.454517126083374,3.65936279296875,78
100,128,0.001,1000,<class 'torch.optim.sgd.SGD'>,0.001,3.3915653228759766,3.6749335130055747,79
100,128,0.001,1000,<class 'torch.optim.sgd.SGD'>,0.0001,3.4099772771199546,3.6765710512797036,80
50,128,0.001,1000,<class 'torch.optim.sgd.SGD'>,0.0001,3.452817360560099,3.687636057535807,81
100,64,0.001,1000,<class 'torch.optim.sgd.SGD'>,0.0,3.4350154399871826,3.6936914126078286,82
100,256,0.01,1000,<class 'torch.optim.sgd.SGD'>,0.0,3.394482374191284,3.694396734237671,83
50,128,0.001,1000,<class 'torch.optim.sgd.SGD'>,0.0,3.4687417348225913,3.6960012912750244,84
50,64,0.001,1000,<class 'torch.optim.sgd.SGD'>,0.001,3.4811860720316568,3.7191290060679116,85
50,256,0.1,1000,<class 'torch.optim.sgd.SGD'>,0.0,3.157799482345581,3.7266786098480225,86
100,64,0.001,1000,<class 'torch.optim.sgd.SGD'>,0.0001,3.4802985191345215,3.7460193634033203,87
50,64,0.1,1000,<class 'torch.optim.sgd.SGD'>,0.0001,3.1151156425476074,3.783000628153483,88
100,64,0.001,1000,<class 'torch.optim.sgd.SGD'>,0.001,3.5180513858795166,3.7890841960906982,89
50,64,0.001,1000,<class 'torch.optim.sgd.SGD'>,0.0,3.5462849934895835,3.792041778564453,90
50,64,0.001,1000,<class 'torch.optim.sgd.SGD'>,0.0001,3.5881105264027915,3.8209036191304526,91
50,128,0.1,1000,<class 'torch.optim.sgd.SGD'>,0.0001,3.1423290570576987,3.86610738436381,92
50,64,0.1,1000,<class 'torch.optim.sgd.SGD'>,0.0,3.07757830619812,3.8688178062438965,93
50,256,0.01,1000,<class 'torch.optim.sgd.SGD'>,0.001,3.6599056720733643,3.9219836393992105,94
50,256,0.1,1000,<class 'torch.optim.sgd.SGD'>,0.0001,3.450702349344889,3.994623819986979,95
50,64,0.1,1000,<class 'torch.optim.sgd.SGD'>,0.0,2.8664387861887612,4.032494306564331,96
50,128,0.1,1000,<class 'torch.optim.sgd.SGD'>,0.0,3.3361566066741943,4.040165185928345,97
100,256,0.001,1000,<class 'torch.optim.sgd.SGD'>,0.0,3.891160329182943,4.069352785746257,98
100,128,0.001,1000,<class 'torch.optim.sgd.SGD'>,0.0,3.9044644037882485,4.093814055124919,99
100,256,0.001,1000,<class 'torch.optim.sgd.SGD'>,0.001,3.8941383361816406,4.102864821751912,100
100,256,0.001,1000,<class 'torch.optim.sgd.SGD'>,0.0001,3.9118587970733643,4.104985952377319,101
100,128,0.001,1000,<class 'torch.optim.sgd.SGD'>,0.0001,3.93584672609965,4.118988990783691,102
50,256,0.001,1000,<class 'torch.optim.sgd.SGD'>,0.0001,3.953377644220988,4.1401857535044355,103
50,256,0.001,1000,<class 'torch.optim.sgd.SGD'>,0.0,3.984473625818888,4.1494433879852295,104
50,256,0.001,1000,<class 'torch.optim.sgd.SGD'>,0.001,3.9875098864237466,4.161476453145345,105
100,256,0.1,1000,<class 'torch.optim.sgd.SGD'>,0.0,3.270045359929403,4.164826234181722,106
100,128,0.001,1000,<class 'torch.optim.sgd.SGD'>,0.001,3.9808766841888428,4.172269264856975,107
100,64,0.1,1000,<class 'torch.optim.sgd.SGD'>,0.0,2.9870421091715493,4.17918602625529,108
100,64,0.001,1000,<class 'torch.optim.sgd.SGD'>,0.001,3.9922756354014077,4.182770411173503,109
100,64,0.001,1000,<class 'torch.optim.sgd.SGD'>,0.0001,3.971055507659912,4.1828263600667315,110
100,64,0.001,1000,<class 'torch.optim.sgd.SGD'>,0.0,4.015865723292033,4.185187816619873,111
50,128,0.001,1000,<class 'torch.optim.sgd.SGD'>,0.0001,4.013148705164592,4.1863663991292315,112
50,128,0.001,1000,<class 'torch.optim.sgd.SGD'>,0.001,4.030559142430623,4.1911429564158125,113
50,128,0.001,1000,<class 'torch.optim.sgd.SGD'>,0.0,4.046987374623616,4.208496650060018,114
50,64,0.001,1000,<class 'torch.optim.sgd.SGD'>,0.0001,4.061662197113037,4.237405141194661,115
50,64,0.001,1000,<class 'torch.optim.sgd.SGD'>,0.001,4.074220180511475,4.239553292592366,116
50,64,0.001,1000,<class 'torch.optim.sgd.SGD'>,0.0,4.082467079162598,4.266551971435547,117
50,64,0.1,1000,<class 'torch.optim.sgd.SGD'>,0.0,3.703427712122599,4.313130696614583,118
50,128,0.1,1000,<class 'torch.optim.sgd.SGD'>,0.001,3.9146176973978677,4.313138484954834,119
100,128,0.1,1000,<class 'torch.optim.sgd.SGD'>,0.0001,3.5477718512217202,4.337887763977051,120
100,64,0.001,1000,<class 'torch.optim.sgd.SGD'>,0.001,4.148198127746582,4.348976771036784,121
100,128,0.1,1000,<class 'torch.optim.sgd.SGD'>,0.0,3.3464667797088623,4.356654008229573,122
50,64,0.1,1000,<class 'torch.optim.sgd.SGD'>,0.0001,3.4875702063242593,4.359719117482503,123
100,64,0.001,1000,<class 'torch.optim.sgd.SGD'>,0.0001,4.184486071268718,4.371072451273601,124
100,64,0.001,1000,<class 'torch.optim.sgd.SGD'>,0.0,4.19532569249471,4.381981372833252,125
50,64,0.001,1000,<class 'torch.optim.sgd.SGD'>,0.0001,4.226009845733643,4.396868705749512,126
50,64,0.001,1000,<class 'torch.optim.sgd.SGD'>,0.0,4.247297445933024,4.39984655380249,127
50,64,0.001,1000,<class 'torch.optim.sgd.SGD'>,0.001,4.275956153869629,4.446398417154948,128
100,256,0.1,1000,<class 'torch.optim.sgd.SGD'>,0.0001,3.714271863301595,4.591002623240153,129
100,256,0.1,1000,<class 'torch.optim.sgd.SGD'>,0.001,4.087359269460042,4.600176811218262,130
100,64,0.1,1000,<class 'torch.optim.sgd.SGD'>,0.0,3.8896067142486572,4.664249976476033,131
100,64,0.1,1000,<class 'torch.optim.sgd.SGD'>,0.0,3.9266392389933267,4.686531146367391,132
50,64,0.1,1000,<class 'torch.optim.sgd.SGD'>,0.001,4.254902601242065,4.695248365402222,133
100,64,0.1,1000,<class 'torch.optim.sgd.SGD'>,0.0001,3.7891735235850015,4.70595121383667,134
50,64,0.1,1000,<class 'torch.optim.sgd.SGD'>,0.001,4.367027997970581,4.746467113494873,135
50,256,0.001,1000,<class 'torch.optim.sgd.SGD'>,0.0,4.616752624511719,4.770711421966553,136
100,256,0.001,1000,<class 'torch.optim.sgd.SGD'>,0.0001,4.639270464579265,4.807614167531331,137
50,256,0.001,1000,<class 'torch.optim.sgd.SGD'>,0.0001,4.64042854309082,4.8188581466674805,138
50,64,0.1,1000,<class 'torch.optim.sgd.SGD'>,0.001,4.394558986028035,4.82569162050883,139
50,128,0.1,1000,<class 'torch.optim.sgd.SGD'>,0.0,4.304003556569417,4.828754266103108,140
50,128,0.1,1000,<class 'torch.optim.sgd.SGD'>,0.0001,4.363389333089192,4.841047843297322,141
100,256,0.001,1000,<class 'torch.optim.sgd.SGD'>,0.0,4.649295012156169,4.852795600891113,142
100,256,0.001,1000,<class 'torch.optim.sgd.SGD'>,0.001,4.665224075317383,4.859854539235433,143
100,64,0.1,1000,<class 'torch.optim.sgd.SGD'>,0.001,4.277526299158732,4.870431423187256,144
100,128,0.1,1000,<class 'torch.optim.sgd.SGD'>,0.001,4.39351224899292,4.882623354593913,145
100,128,0.1,1000,<class 'torch.optim.sgd.SGD'>,0.0,4.155903736750285,4.90916124979655,146
50,256,0.001,1000,<class 'torch.optim.sgd.SGD'>,0.001,4.732262134552002,4.928971131642659,147
50,128,0.1,1000,<class 'torch.optim.sgd.SGD'>,0.0001,4.52746057510376,4.949603001276652,148
50,64,0.1,1000,<class 'torch.optim.sgd.SGD'>,0.0001,4.275301376978557,4.951747179031372,149
100,64,0.1,1000,<class 'torch.optim.sgd.SGD'>,0.0001,4.388346751530965,4.970305760701497,150
100,64,0.1,1000,<class 'torch.optim.sgd.SGD'>,0.0001,4.1524092356363935,4.987980047861735,151
50,64,0.1,1000,<class 'torch.optim.sgd.SGD'>,0.0001,4.462068557739258,4.996750195821126,152
100,128,0.001,1000,<class 'torch.optim.sgd.SGD'>,0.001,4.8643120129903155,5.038447856903076,153
100,64,0.1,1000,<class 'torch.optim.sgd.SGD'>,0.0001,4.470354954401652,5.060353914896647,154
100,128,0.1,1000,<class 'torch.optim.sgd.SGD'>,0.0001,4.384535471598308,5.068991184234619,155
50,128,0.001,1000,<class 'torch.optim.sgd.SGD'>,0.0,4.881339073181152,5.07613738377889,156
50,64,0.1,1000,<class 'torch.optim.sgd.SGD'>,0.0,4.598344087600708,5.098137219746907,157
100,64,0.1,1000,<class 'torch.optim.sgd.SGD'>,0.001,4.608398914337158,5.137739976247151,158
100,128,0.001,1000,<class 'torch.optim.sgd.SGD'>,0.0001,4.930543104807536,5.141927401224772,159
100,64,0.1,1000,<class 'torch.optim.sgd.SGD'>,0.0,3.9722763697306314,5.144362449645996,160
50,128,0.001,1000,<class 'torch.optim.sgd.SGD'>,0.0001,4.956186771392822,5.144536972045898,161
100,128,0.1,1000,<class 'torch.optim.sgd.SGD'>,0.001,4.719354867935181,5.185684998830159,162
100,128,0.001,1000,<class 'torch.optim.sgd.SGD'>,0.0,4.996236483256022,5.195359071095784,163
50,256,0.1,1000,<class 'torch.optim.sgd.SGD'>,0.0001,4.939483165740967,5.221427917480469,164
50,128,0.1,1000,<class 'torch.optim.sgd.SGD'>,0.0,4.885409514109294,5.229551474253337,165
50,128,0.001,1000,<class 'torch.optim.sgd.SGD'>,0.001,5.162534236907959,5.345688501993815,166
100,64,0.1,1000,<class 'torch.optim.sgd.SGD'>,0.001,4.8137688636779785,5.3643004099528,167
50,256,0.1,1000,<class 'torch.optim.sgd.SGD'>,0.0,5.000883420308431,5.368247667948405,168
50,128,0.1,1000,<class 'torch.optim.sgd.SGD'>,0.001,5.020628929138184,5.438587347666423,169
100,128,0.001,1000,<class 'torch.optim.sgd.SGD'>,0.0001,5.299837430318196,5.484054406483968,170
100,256,0.1,1000,<class 'torch.optim.sgd.SGD'>,0.001,5.222053448359172,5.533462127049764,171
50,256,0.1,1000,<class 'torch.optim.sgd.SGD'>,0.001,5.221202691396077,5.640537103017171,172
100,128,0.001,1000,<class 'torch.optim.sgd.SGD'>,0.0,5.506806214650472,5.644200483957927,173
50,128,0.001,1000,<class 'torch.optim.sgd.SGD'>,0.0,5.5838942527771,5.761636416117351,174
100,256,0.1,1000,<class 'torch.optim.sgd.SGD'>,0.0001,5.161759694417317,5.762796560923259,175
100,128,0.001,1000,<class 'torch.optim.sgd.SGD'>,0.001,5.5839230219523115,5.764125029246013,176
100,128,0.1,1000,<class 'torch.optim.sgd.SGD'>,0.0,5.411543687184651,5.793949604034424,177
100,128,0.1,1000,<class 'torch.optim.sgd.SGD'>,0.0001,5.4918437004089355,5.8131968180338545,178
100,64,0.0001,1000,<class 'torch.optim.sgd.SGD'>,0.0001,5.633167266845703,5.815715471903483,179
100,64,0.0001,1000,<class 'torch.optim.sgd.SGD'>,0.001,5.659047603607178,5.827115058898926,180
50,256,0.1,1000,<class 'torch.optim.sgd.SGD'>,0.0001,5.51054843266805,5.850922425587972,181
50,64,0.0001,1000,<class 'torch.optim.sgd.SGD'>,0.0,5.697357813517253,5.862276077270508,182
50,128,0.001,1000,<class 'torch.optim.sgd.SGD'>,0.0001,5.729614893595378,5.8723985354105634,183
100,256,0.1,1000,<class 'torch.optim.sgd.SGD'>,0.0,5.6838358243306475,5.882915178934733,184
100,64,0.1,1000,<class 'torch.optim.sgd.SGD'>,0.001,5.366529941558838,5.886955579121907,185
50,64,0.1,1000,<class 'torch.optim.sgd.SGD'>,0.001,5.6346456209818525,5.905023097991943,186
50,128,0.1,1000,<class 'torch.optim.sgd.SGD'>,0.001,5.658209800720215,5.907137870788574,187
50,128,0.001,1000,<class 'torch.optim.sgd.SGD'>,0.001,5.764107863108317,5.9079461097717285,188
100,64,0.0001,1000,<class 'torch.optim.sgd.SGD'>,0.0,5.740244547526042,5.925192197163899,189
50,64,0.0001,1000,<class 'torch.optim.sgd.SGD'>,0.0001,5.77462911605835,5.93548583984375,190
50,256,0.1,1000,<class 'torch.optim.sgd.SGD'>,0.0,5.944143136342366,6.015674591064453,191
100,128,0.1,1000,<class 'torch.optim.sgd.SGD'>,0.0,5.5261335372924805,6.055349985758464,192
50,256,0.1,1000,<class 'torch.optim.sgd.SGD'>,0.001,6.054597854614258,6.072390874226888,193
50,128,0.1,1000,<class 'torch.optim.sgd.SGD'>,0.0,5.744723955790202,6.113635381062825,194
100,128,0.1,1000,<class 'torch.optim.sgd.SGD'>,0.0001,5.591569741566976,6.119547208150228,195
100,128,0.1,1000,<class 'torch.optim.sgd.SGD'>,0.001,5.7915143966674805,6.137675126393636,196
50,256,0.1,1000,<class 'torch.optim.sgd.SGD'>,0.001,5.999489943186442,6.1475749015808105,197
50,128,0.1,1000,<class 'torch.optim.sgd.SGD'>,0.0001,5.755940755208333,6.1780924797058105,198
50,64,0.0001,1000,<class 'torch.optim.sgd.SGD'>,0.001,5.981671969095866,6.181802431742351,199
100,256,0.1,1000,<class 'torch.optim.sgd.SGD'>,0.0001,5.872789223988851,6.211693286895752,200
100,256,0.001,1000,<class 'torch.optim.sgd.SGD'>,0.0,6.142620881398519,6.255807876586914,201
50,256,0.1,1000,<class 'torch.optim.sgd.SGD'>,0.001,6.0277228355407715,6.285283088684082,202
50,128,0.1,1000,<class 'torch.optim.sgd.SGD'>,0.001,6.2224381764729815,6.391043027242024,203
100,256,0.001,1000,<class 'torch.optim.sgd.SGD'>,0.001,6.307807445526123,6.417778333028157,204
100,256,0.1,1000,<class 'torch.optim.sgd.SGD'>,0.001,6.0398268699646,6.426615397135417,205
100,256,0.1,1000,<class 'torch.optim.sgd.SGD'>,0.0,6.098865826924642,6.457095623016357,206
100,256,0.001,1000,<class 'torch.optim.sgd.SGD'>,0.0001,6.329221089680989,6.4639255205790205,207
100,256,0.1,1000,<class 'torch.optim.sgd.SGD'>,0.001,6.496488571166992,6.6089768409729,208
50,256,0.001,1000,<class 'torch.optim.sgd.SGD'>,0.0,6.503796259562175,6.644371509552002,209
100,256,0.1,1000,<class 'torch.optim.sgd.SGD'>,0.0001,6.668001492818196,6.656461715698242,210
100,256,0.1,1000,<class 'torch.optim.sgd.SGD'>,0.0,5.927353938420613,6.6625542640686035,211
50,256,0.1,1000,<class 'torch.optim.sgd.SGD'>,0.0,6.600635528564453,6.788878758748372,212
50,256,0.001,1000,<class 'torch.optim.sgd.SGD'>,0.001,6.721693992614746,6.81045134862264,213
100,256,0.001,1000,<class 'torch.optim.sgd.SGD'>,0.0,6.788900216420491,6.879292964935303,214
50,256,0.001,1000,<class 'torch.optim.sgd.SGD'>,0.0001,6.845871130625407,6.9818596839904785,215
100,128,0.1,1000,<class 'torch.optim.sgd.SGD'>,0.001,6.698802789052327,6.988377730051677,216
100,256,0.001,1000,<class 'torch.optim.sgd.SGD'>,0.0001,6.8998122215271,6.996794064839681,217
50,256,0.001,1000,<class 'torch.optim.sgd.SGD'>,0.0,6.990609327952067,7.018138408660889,218
100,256,0.001,1000,<class 'torch.optim.sgd.SGD'>,0.001,6.974498907725017,7.042981783548991,219
50,256,0.1,1000,<class 'torch.optim.sgd.SGD'>,0.0001,6.872966130574544,7.0489983558654785,220
100,128,0.0001,1000,<class 'torch.optim.sgd.SGD'>,0.001,6.978259881337483,7.099309921264648,221
100,128,0.0001,1000,<class 'torch.optim.sgd.SGD'>,0.0001,6.984490076700847,7.127854506174724,222
50,256,0.001,1000,<class 'torch.optim.sgd.SGD'>,0.001,7.036873976389567,7.1838351885477705,223
100,128,0.0001,1000,<class 'torch.optim.sgd.SGD'>,0.0,7.250998020172119,7.334699471791585,224
50,256,0.001,1000,<class 'torch.optim.sgd.SGD'>,0.0001,7.324873606363933,7.40806516011556,225
100,64,0.0001,1000,<class 'torch.optim.sgd.SGD'>,0.0,7.328082243601481,7.418994585673015,226
100,64,0.0001,1000,<class 'torch.optim.sgd.SGD'>,0.001,7.347350597381592,7.470423062642415,227
100,64,0.0001,1000,<class 'torch.optim.sgd.SGD'>,0.0001,7.439948717753093,7.572949091593425,228
50,64,0.0001,1000,<class 'torch.optim.sgd.SGD'>,0.0,7.761553605397542,7.826712449391683,229
50,64,0.0001,1000,<class 'torch.optim.sgd.SGD'>,0.001,7.6990102132161455,7.828366279602051,230
50,128,0.0001,1000,<class 'torch.optim.sgd.SGD'>,0.0001,7.817975044250488,7.89422067006429,231
50,128,0.0001,1000,<class 'torch.optim.sgd.SGD'>,0.001,7.803237756093343,7.943173249562581,232
50,128,0.0001,1000,<class 'torch.optim.sgd.SGD'>,0.0,7.9172078768412275,7.999817689259847,233
50,64,0.0001,1000,<class 'torch.optim.sgd.SGD'>,0.0001,7.990516026814778,8.130949338277182,234
100,256,0.0001,1000,<class 'torch.optim.sgd.SGD'>,0.0,9.738638877868652,9.820765495300293,235
100,256,0.0001,1000,<class 'torch.optim.sgd.SGD'>,0.001,10.080700238545736,10.128292083740234,236
100,256,0.0001,1000,<class 'torch.optim.sgd.SGD'>,0.0001,10.452534675598145,10.549284299214682,237
100,128,0.0001,1000,<class 'torch.optim.sgd.SGD'>,0.0001,11.891513506571451,11.918402671813965,238
100,128,0.0001,1000,<class 'torch.optim.sgd.SGD'>,0.001,11.907469431559244,12.017722765604654,239
50,256,0.0001,1000,<class 'torch.optim.sgd.SGD'>,0.0001,11.958562850952148,12.13427988688151,240
100,128,0.0001,1000,<class 'torch.optim.sgd.SGD'>,0.0,12.372477213541666,12.515483220418295,241
50,256,0.0001,1000,<class 'torch.optim.sgd.SGD'>,0.001,12.424331665039062,12.535841941833496,242
100,64,0.0001,1000,<class 'torch.optim.sgd.SGD'>,0.0001,12.782221794128418,12.772905667622885,243
50,256,0.0001,1000,<class 'torch.optim.sgd.SGD'>,0.0,12.879096031188965,12.915633201599121,244
100,64,0.0001,1000,<class 'torch.optim.sgd.SGD'>,0.001,13.079612414042154,13.082213083902994,245
100,64,0.0001,1000,<class 'torch.optim.sgd.SGD'>,0.0,13.303387959798178,13.307315508524576,246
50,128,0.0001,1000,<class 'torch.optim.sgd.SGD'>,0.0,14.966570854187012,14.953643798828125,247
50,128,0.0001,1000,<class 'torch.optim.sgd.SGD'>,0.0001,15.736380259195963,15.845931688944498,248
50,128,0.0001,1000,<class 'torch.optim.sgd.SGD'>,0.001,15.897935231526693,16.091882069905598,249
50,64,0.0001,1000,<class 'torch.optim.sgd.SGD'>,0.001,16.746907552083332,16.911326726277668,250
50,64,0.0001,1000,<class 'torch.optim.sgd.SGD'>,0.0001,17.623849868774414,17.68778928120931,251
50,64,0.0001,1000,<class 'torch.optim.sgd.SGD'>,0.0,18.584479331970215,18.52250607808431,252
100,64,0.0001,1000,<class 'torch.optim.sgd.SGD'>,0.0001,18.732685089111328,19.014453887939453,253
100,64,0.0001,1000,<class 'torch.optim.sgd.SGD'>,0.0,18.67425028483073,19.08744017283122,254
100,64,0.0001,1000,<class 'torch.optim.sgd.SGD'>,0.001,18.90822760264079,19.32337220509847,255
50,64,0.0001,1000,<class 'torch.optim.sgd.SGD'>,0.0001,34.18662770589193,34.17907969156901,256
100,256,0.0001,1000,<class 'torch.optim.sgd.SGD'>,0.0001,34.222216288248696,34.30731391906738,257
50,64,0.0001,1000,<class 'torch.optim.sgd.SGD'>,0.001,36.82198397318522,36.914651234944664,258
100,256,0.0001,1000,<class 'torch.optim.sgd.SGD'>,0.001,37.20429484049479,37.28764343261719,259
100,256,0.0001,1000,<class 'torch.optim.sgd.SGD'>,0.0,37.900274912516274,37.85211944580078,260
50,64,0.0001,1000,<class 'torch.optim.sgd.SGD'>,0.0,38.46201705932617,38.43584442138672,261
100,128,0.0001,1000,<class 'torch.optim.sgd.SGD'>,0.0001,40.84747060139974,40.95133845011393,262
100,128,0.0001,1000,<class 'torch.optim.sgd.SGD'>,0.0,41.906820933024086,42.141845703125,263
100,128,0.0001,1000,<class 'torch.optim.sgd.SGD'>,0.001,42.41344960530599,42.42722193400065,264
50,256,0.0001,1000,<class 'torch.optim.sgd.SGD'>,0.0,44.40391413370768,44.55048624674479,265
50,256,0.0001,1000,<class 'torch.optim.sgd.SGD'>,0.001,45.53099822998047,45.55189514160156,266
50,256,0.0001,1000,<class 'torch.optim.sgd.SGD'>,0.0001,46.251953125,46.467482248942055,267
100,128,0.0001,1000,<class 'torch.optim.sgd.SGD'>,0.0001,46.947739919026695,46.98030471801758,268
100,128,0.0001,1000,<class 'torch.optim.sgd.SGD'>,0.0,47.177050272623696,47.315409342447914,269
50,128,0.0001,1000,<class 'torch.optim.sgd.SGD'>,0.0001,47.9130490620931,48.004956563313804,270
50,128,0.0001,1000,<class 'torch.optim.sgd.SGD'>,0.0,48.03772862752279,48.033671061197914,271
100,128,0.0001,1000,<class 'torch.optim.sgd.SGD'>,0.001,48.03767013549805,48.09769948323568,272
50,128,0.0001,1000,<class 'torch.optim.sgd.SGD'>,0.001,48.002830505371094,48.17419179280599,273
50,128,0.0001,1000,<class 'torch.optim.sgd.SGD'>,0.001,51.057074228922524,50.93599319458008,274
50,128,0.0001,1000,<class 'torch.optim.sgd.SGD'>,0.0001,51.1105842590332,51.16415532430013,275
100,256,0.0001,1000,<class 'torch.optim.sgd.SGD'>,0.0,51.39340464274088,51.39095687866211,276
50,128,0.0001,1000,<class 'torch.optim.sgd.SGD'>,0.0,51.55041249593099,51.594215393066406,277
100,256,0.0001,1000,<class 'torch.optim.sgd.SGD'>,0.001,51.911669413248696,51.92549260457357,278
100,256,0.0001,1000,<class 'torch.optim.sgd.SGD'>,0.0001,52.03268814086914,52.0101064046224,279
100,256,0.0001,1000,<class 'torch.optim.sgd.SGD'>,0.001,52.66068013509115,52.728963216145836,280
100,256,0.0001,1000,<class 'torch.optim.sgd.SGD'>,0.0,52.76550801595052,52.77851359049479,281
50,256,0.0001,1000,<class 'torch.optim.sgd.SGD'>,0.0001,52.83971150716146,52.82884724934896,282
50,256,0.0001,1000,<class 'torch.optim.sgd.SGD'>,0.0,53.14427820841471,53.15078353881836,283
100,256,0.0001,1000,<class 'torch.optim.sgd.SGD'>,0.0001,53.22482172648112,53.22463862101237,284
50,256,0.0001,1000,<class 'torch.optim.sgd.SGD'>,0.001,54.40954717000326,54.40425237019857,285
50,256,0.0001,1000,<class 'torch.optim.sgd.SGD'>,0.001,54.675393422444664,54.71756490071615,286
50,256,0.0001,1000,<class 'torch.optim.sgd.SGD'>,0.0,54.73006820678711,54.7198117574056,287
50,256,0.0001,1000,<class 'torch.optim.sgd.SGD'>,0.0001,54.70359547932943,54.73706181844076,288
