rank_val_score,mean_val_score,std_val_score,mean_train_score,std_train_score,activation,batch_size,epochs,init_mode,learn_rate,momentum,nesterov,neurons_layer_1,neurons_layer_2,weight_decay,mean_fit_time
1,2.752460161844889,0.08205572600676418,2.222883939743042,0.03120425131653453,sigmoid,128,1000,glorot_uniform,0.01,0.9,True,130,30,1e-05,14.006078322728476
2,2.756295998891195,0.06246307065813016,2.2552414735158286,0.06139288787040873,sigmoid,64,1000,glorot_uniform,0.01,0.8,True,130,30,1e-05,21.5860857963562
3,2.7693249384562173,0.07172792297536085,2.384263833363851,0.04357651264812248,sigmoid,64,1000,glorot_uniform,0.01,0.7,True,130,30,1e-05,20.82156761487325
4,2.7819199562072754,0.06660798061218294,2.4585097630818686,0.04253278161325372,sigmoid,128,1000,glorot_uniform,0.01,0.8,True,130,30,1e-05,14.136748949686686
5,2.7904036045074463,0.08002080893281052,2.548098643620809,0.0253828728787347,sigmoid,128,1000,glorot_uniform,0.01,0.7,True,70,30,1e-05,12.345480839411417
6,2.794732411702474,0.07064928903394069,2.344431241353353,0.04639779285600678,sigmoid,64,1000,glorot_uniform,0.01,0.7,True,70,30,1e-05,20.963147401809692
7,2.7961361408233643,0.06534899450678641,2.527285893758138,0.06790027645568289,sigmoid,32,1000,glorot_uniform,0.001,0.9,True,70,30,1e-05,32.33076826731364
8,2.7999738852183023,0.04712892848155446,2.0943403244018555,0.03013764147452855,sigmoid,32,1000,glorot_uniform,0.01,0.7,True,130,30,1e-05,32.97183529535929
9,2.8052055835723877,0.11035729802791286,2.2455029487609863,0.05432604135500344,tanh,128,1000,glorot_uniform,0.001,0.9,True,130,30,0.0001,12.282085100809732
10,2.8053314685821533,0.07174449422452604,2.55381441116333,0.037642457038045765,sigmoid,32,1000,glorot_uniform,0.001,0.9,True,130,30,1e-05,32.55595850944519
11,2.806310017903646,0.0751496132331291,2.222079038619995,0.07077143510533662,tanh,128,1000,glorot_uniform,0.001,0.9,True,130,30,1e-05,13.088833570480347
12,2.807685613632202,0.06984654270086718,2.3938719431559243,0.027542403769708807,sigmoid,64,1000,glorot_uniform,0.01,0.7,True,70,30,0.0001,19.43224596977234
13,2.81109356880188,0.08185179847887818,2.5072765350341797,0.03918628019843023,sigmoid,128,1000,glorot_uniform,0.01,0.8,True,130,30,0.0001,13.427115599314371
14,2.8114113807678223,0.059329345157785596,2.4189720153808594,0.021525977988968378,sigmoid,128,1000,glorot_uniform,0.01,0.8,True,70,30,1e-05,12.95887311299642
15,2.8122074604034424,0.037571905988949376,2.406810998916626,0.05957366712392632,tanh,64,1000,glorot_uniform,0.001,0.7,True,70,30,1e-05,17.78817367553711
16,2.814099152882894,0.09976359069061945,2.142793575922648,0.047474113844385754,sigmoid,128,1000,glorot_uniform,0.01,0.9,True,70,30,1e-05,12.067961692810059
17,2.8157811959584556,0.08401136762275498,2.2666935125986734,0.040311378444739615,sigmoid,128,1000,glorot_uniform,0.01,0.9,True,130,30,0.0001,14.232970237731934
18,2.8200021584828696,0.08364773137345749,2.2816261450449624,0.03883968577287837,tanh,64,1000,glorot_uniform,0.001,0.8,True,130,30,0.0001,18.75864831606547
19,2.8227040767669678,0.07954607097658364,2.443699836730957,0.016289155233871706,sigmoid,64,1000,glorot_uniform,0.01,0.7,True,130,30,0.0001,21.780302206675213
20,2.824307839075724,0.08444613851668634,2.5587799549102783,0.048729749817000845,sigmoid,32,1000,glorot_uniform,0.001,0.9,True,70,30,0.0001,31.60889395078023
21,2.824603319168091,0.06127585260292618,2.583378473917643,0.05316801547234547,sigmoid,128,1000,glorot_uniform,0.01,0.7,True,70,30,0.0001,12.167630195617676
22,2.8312811056772866,0.10221292109820344,1.9194246530532837,0.058659987371710416,sigmoid,64,1000,glorot_uniform,0.01,0.9,True,130,30,1e-05,22.31954010327657
23,2.8320704301198325,0.05439459319690993,2.601841767628988,0.05221350295562082,sigmoid,128,1000,glorot_uniform,0.01,0.7,True,130,30,1e-05,13.578588167826334
24,2.8350940545399985,0.08317938128544668,2.2778571446736655,0.039178178033045664,tanh,64,1000,glorot_uniform,0.001,0.8,True,70,30,0.0003,17.692623138427734
25,2.8360060850779214,0.0759449367043872,2.1990369160970054,0.03073351565920798,tanh,64,1000,glorot_uniform,0.001,0.8,True,70,30,0.0001,18.428495168685913
26,2.836025873819987,0.07459875327064278,2.157391309738159,0.03608887471652294,sigmoid,64,1000,glorot_uniform,0.01,0.8,True,70,30,1e-05,19.809895118077595
27,2.836174408594767,0.12444402862246916,2.090017318725586,0.036186850593132217,tanh,32,1000,glorot_uniform,0.001,0.7,True,70,30,1e-05,32.96306331952413
28,2.836570421854655,0.0534056317614259,2.408772865931193,0.06835603524287694,tanh,64,1000,glorot_uniform,0.001,0.7,True,70,30,0.0001,18.05883510907491
29,2.8385299841562905,0.10321770838819415,2.24222199122111,0.051124060497084775,tanh,128,1000,glorot_uniform,0.001,0.9,True,70,30,0.0003,11.318787097930908
30,2.838849941889445,0.08118709498809966,2.307310183842977,0.048964612941175635,tanh,64,1000,glorot_uniform,0.001,0.8,True,130,30,0.0003,18.515546719233196
31,2.8418637911478677,0.04433420820363593,2.309610287348429,0.03287584173534217,sigmoid,64,1000,glorot_uniform,0.01,0.8,True,130,30,0.0001,21.70488739013672
32,2.842666228612264,0.07564777277460523,2.504495938618978,0.06597442180817016,tanh,128,1000,glorot_uniform,0.001,0.8,True,70,30,1e-05,11.437041759490967
33,2.84493088722229,0.08451579980746447,2.175539016723633,0.05087777814403672,tanh,128,1000,glorot_uniform,0.001,0.9,True,70,30,1e-05,11.606878519058228
34,2.8479732672373452,0.11587505137645027,2.454489231109619,0.02180287675850773,sigmoid,128,1000,glorot_uniform,0.01,0.8,True,70,30,0.0001,13.42144775390625
35,2.84865132967631,0.08242375976014164,2.2620986302693686,0.06260651264129226,tanh,64,1000,glorot_uniform,0.001,0.8,True,130,30,1e-05,19.136170943578083
36,2.849284569422404,0.06522370372433982,2.5909740130106607,0.050414320073464094,sigmoid,32,1000,glorot_uniform,0.001,0.9,True,130,30,0.0001,33.48654898007711
37,2.849475065867106,0.07650790744531807,2.2493712107340493,0.013235726920485696,tanh,64,1000,glorot_uniform,0.001,0.8,True,70,30,1e-05,18.346415122350056
38,2.849517583847046,0.10376284976672391,2.445723533630371,0.02437106855431778,tanh,64,1000,glorot_uniform,0.001,0.7,True,130,30,0.0001,18.217304468154907
39,2.8502862453460693,0.08764201363849666,2.155963579813639,0.035261056186836406,tanh,32,1000,glorot_uniform,0.001,0.7,True,70,30,0.0003,34.25171717007955
40,2.851029396057129,0.10052883542487485,2.49414324760437,0.02328497581272845,tanh,128,1000,glorot_uniform,0.001,0.8,True,130,30,1e-05,12.177549759546915
41,2.853030522664388,0.08689001581946833,2.5260558128356934,0.0699095743432479,tanh,128,1000,glorot_uniform,0.001,0.8,True,70,30,0.0001,11.464482625325521
42,2.857490619023641,0.110848430836717,2.125869115193685,0.05404762167666133,tanh,32,1000,glorot_uniform,0.001,0.7,True,130,30,1e-05,34.50795300801595
43,2.859065055847168,0.09110755376423202,2.402042547861735,0.018605720793820644,tanh,64,1000,glorot_uniform,0.001,0.7,True,130,30,1e-05,18.098785797754925
44,2.859926382700602,0.08316741683938446,1.9573578834533691,0.036686574311524396,tanh,64,1000,glorot_uniform,0.001,0.9,True,130,30,0.0001,18.760652621587116
45,2.8612523873647056,0.10140954133624754,2.444844881693522,0.04280386393270413,tanh,64,1000,glorot_uniform,0.001,0.7,True,70,30,0.0003,17.96021231015523
46,2.861934185028076,0.09335439242894335,2.295600732167562,0.032320147069729306,tanh,128,1000,glorot_uniform,0.001,0.9,True,130,30,0.0003,12.968041976292929
47,2.8622525533040366,0.08522833920771021,1.8821735382080078,0.08880178091880872,sigmoid,32,1000,glorot_uniform,0.01,0.8,True,130,30,1e-05,33.03480529785156
48,2.862464745839437,0.0936823873463522,2.2053658962249756,0.031766951290457195,sigmoid,128,1000,glorot_uniform,0.01,0.9,True,70,30,0.0001,13.609691301981607
49,2.862675746281942,0.06777492847218919,2.6263917287190757,0.047888091622963175,sigmoid,128,1000,glorot_uniform,0.01,0.7,True,130,30,0.0001,12.981713136037191
50,2.8645448684692383,0.10364180343207578,2.142547369003296,0.040813477882057206,tanh,32,1000,glorot_uniform,0.001,0.7,True,130,30,0.0001,36.053910891215004
51,2.864723046620687,0.14078879545552178,1.961319367090861,0.036588668829240736,tanh,32,1000,glorot_uniform,0.001,0.8,True,130,30,1e-05,33.62486402193705
52,2.8656766414642334,0.07494392696852843,2.0796006520589194,0.06021194072536503,sigmoid,32,1000,glorot_uniform,0.01,0.7,True,70,30,1e-05,32.14200448989868
53,2.8737289110819497,0.030949613645828843,2.2223400274912515,0.00685609897037801,sigmoid,32,1000,glorot_uniform,0.01,0.7,True,130,30,0.0001,33.522071520487465
54,2.875943422317505,0.07060680420199834,2.4674481550852456,0.04227601907301894,tanh,64,1000,glorot_uniform,0.001,0.7,True,130,30,0.0003,19.054353793462116
55,2.8774596055348716,0.06964914094059907,2.184138536453247,0.02468096509059916,tanh,128,1000,glorot_uniform,0.001,0.9,True,70,30,0.0001,11.719700654347738
56,2.878077745437622,0.07080263145012829,2.008158008257548,0.07619658987530392,sigmoid,64,1000,glorot_uniform,0.01,0.9,True,130,30,0.0001,21.7208088239034
57,2.880009492238363,0.05862591155203529,2.6354512373606362,0.055963230107654416,sigmoid,32,1000,glorot_uniform,0.001,0.9,True,70,30,0.0003,32.481359322865806
58,2.8803093433380127,0.07410849318583508,2.5046726067860923,0.02168262386205792,sigmoid,64,1000,glorot_uniform,0.01,0.7,True,70,30,0.0003,20.67463731765747
59,2.881263494491577,0.10101494389568924,2.2173834641774497,0.043819597351438956,sigmoid,64,1000,glorot_uniform,0.01,0.8,True,70,30,0.0001,20.888604482014973
60,2.8824856281280518,0.0800802142816016,2.5622177918752036,0.035071713269757845,sigmoid,128,1000,glorot_uniform,0.01,0.8,True,70,30,0.0003,12.871416171391806
61,2.886605739593506,0.14053412221393413,1.8907409111658733,0.045710166331605476,tanh,64,1000,glorot_uniform,0.001,0.9,True,70,30,0.0001,17.97446854909261
62,2.8868110179901123,0.053853692075098415,2.526938041051229,0.03592222237200319,tanh,128,1000,glorot_uniform,0.001,0.8,True,70,30,0.0003,11.113379001617432
63,2.8883841037750244,0.08783448542630681,2.1924328009287515,0.050826864882636054,tanh,32,1000,glorot_uniform,0.001,0.7,True,130,30,0.0003,36.04508717854818
64,2.8919147650400796,0.05863126901100664,2.663902521133423,0.04210302343542687,sigmoid,128,1000,glorot_uniform,0.01,0.7,True,70,30,0.0003,13.031409819920858
65,2.8938492933909097,0.0809812859674526,1.989487648010254,0.02541166759218159,tanh,32,1000,glorot_uniform,0.001,0.8,True,130,30,0.0001,33.97478564580282
66,2.894383748372396,0.06997766437285419,2.544901450475057,0.06096876827211197,tanh,128,1000,glorot_uniform,0.001,0.8,True,130,30,0.0001,12.283657948176065
67,2.895047903060913,0.07079136449196285,2.594038407007853,0.04723741664447328,sigmoid,128,1000,glorot_uniform,0.01,0.8,True,130,30,0.0003,13.796376943588257
68,2.8977193037668862,0.06751954816128579,2.665557305018107,0.03291828998759343,sigmoid,32,1000,glorot_uniform,0.001,0.9,True,130,30,0.0003,33.02870003382365
69,2.8999106884002686,0.09599215197015872,2.009320855140686,0.05348874236170673,tanh,64,1000,glorot_uniform,0.001,0.9,True,130,30,0.0003,18.233267386754353
70,2.9003280798594155,0.08513998715735654,2.3378493785858154,0.04812110856440378,tanh,128,1000,glorot_uniform,0.001,0.9,True,70,30,0.001,12.1803560256958
71,2.9011197884877524,0.083057925812326,2.4128063519795737,0.031984717465635026,sigmoid,128,1000,glorot_uniform,0.01,0.9,True,130,30,0.0003,14.359782218933105
72,2.90293288230896,0.08185590540584252,2.124277432759603,0.039441170401986025,tanh,32,1000,glorot_uniform,0.001,0.7,True,70,30,0.0001,32.94195747375488
73,2.9037888844807944,0.07869848619347532,2.5418471495310464,0.024795630562059513,sigmoid,64,1000,glorot_uniform,0.01,0.7,True,130,30,0.0003,20.690982659657795
74,2.911339362462362,0.0472219990565231,2.7595410346984863,0.03139704915415278,sigmoid,64,1000,glorot_uniform,0.001,0.9,True,130,30,1e-05,22.141543865203857
75,2.9114278157552085,0.04121057294609389,2.7470129330952964,0.03191951458399081,sigmoid,64,1000,glorot_uniform,0.001,0.9,True,70,30,1e-05,21.47547523180644
76,2.9120187759399414,0.12738463783509052,1.9579979181289673,0.04044594151835688,tanh,64,1000,glorot_uniform,0.001,0.9,True,130,30,1e-05,18.991285006205242
77,2.915233294169108,0.08793750951487726,2.567368984222412,0.046212472156933734,tanh,128,1000,glorot_uniform,0.001,0.8,True,130,30,0.0003,12.594143946965536
78,2.9161643187204995,0.0902962334674827,2.233266035715739,0.05120104418109381,sigmoid,32,1000,glorot_uniform,0.01,0.7,True,70,30,0.0001,31.887728452682495
79,2.916942834854126,0.09193681137146632,1.9205240805943806,0.04396723960231213,tanh,32,1000,glorot_uniform,0.001,0.8,True,70,30,0.0001,31.65739305814107
80,2.9174182415008545,0.07877228386755868,2.447919766108195,0.039683885704009686,sigmoid,64,1000,glorot_uniform,0.01,0.8,True,130,30,0.0003,21.665948788324993
81,2.9176876544952393,0.04553358102536449,2.3834076722462973,0.03785432427724376,sigmoid,64,1000,glorot_uniform,0.01,0.8,True,70,30,0.0003,21.28029179573059
82,2.9190666675567627,0.06191720605668987,2.705113093058268,0.04276670744366534,sigmoid,128,1000,glorot_uniform,0.01,0.7,True,130,30,0.0003,13.238479057947794
83,2.9196065266927085,0.07600455862283119,2.396860917409261,0.024721414248906826,sigmoid,32,1000,glorot_uniform,0.01,0.7,True,130,30,0.0003,33.03482588132223
84,2.920662800470988,0.04553670458414789,2.7498836517333984,0.027024383053098094,sigmoid,32,1000,glorot_uniform,0.001,0.8,True,70,30,1e-05,32.00677808125814
85,2.924408276875814,0.11554165378923145,1.9187616109848022,0.02821009889907123,tanh,32,1000,glorot_uniform,0.001,0.8,True,70,30,1e-05,32.46244748433431
86,2.9244922002156577,0.06288426386613674,2.7684638500213623,0.03207928231366838,sigmoid,32,1000,glorot_uniform,0.001,0.8,True,130,30,1e-05,32.941400130589805
87,2.925690174102783,0.07858542586823947,2.346975088119507,0.012238194792826314,tanh,64,1000,glorot_uniform,0.001,0.8,True,70,30,0.001,17.56336236000061
88,2.930734634399414,0.09585926925192594,2.0774172941843667,0.02400156223048769,sigmoid,32,1000,glorot_uniform,0.01,0.8,True,130,30,0.0001,33.15025822321574
89,2.9327000776926675,0.07982360946998406,2.274721384048462,0.020592192556197597,tanh,32,1000,glorot_uniform,0.001,0.7,True,70,30,0.001,34.913786013921104
90,2.932839790980021,0.08240416082790471,2.517966111501058,0.03694005290218406,tanh,64,1000,glorot_uniform,0.001,0.7,True,70,30,0.001,18.301074107487995
91,2.93772029876709,0.10149225488572754,1.888683279355367,0.04290775999414015,tanh,64,1000,glorot_uniform,0.001,0.9,True,70,30,1e-05,18.179632425308228
92,2.9386146863301597,0.0530355603823698,2.7742534478505454,0.024504077788943673,sigmoid,64,1000,glorot_uniform,0.001,0.9,True,70,30,0.0001,20.56279118855794
93,2.9401280085245767,0.057369365812208695,2.7704986731211343,0.02190374561011015,sigmoid,32,1000,glorot_uniform,0.001,0.8,True,70,30,0.0001,31.788180748621624
94,2.9481986363728843,0.047464234742180866,2.7886033058166504,0.03292000423443856,sigmoid,32,1000,glorot_uniform,0.001,0.8,True,130,30,0.0001,33.40894214312235
95,2.950148900349935,0.12950812754169716,1.7303970257441204,0.0658381848360928,sigmoid,64,1000,glorot_uniform,0.01,0.9,True,70,30,1e-05,20.18402663866679
96,2.950545152028402,0.10969534120678602,2.6326565742492676,0.0057323023778703824,tanh,32,1000,glorot_uniform,0.0001,0.9,True,70,30,1e-05,35.18173805872599
97,2.9508721033732095,0.05048700734218369,2.780087471008301,0.03320272876610398,sigmoid,64,1000,glorot_uniform,0.001,0.9,True,130,30,0.0001,22.40752871831258
98,2.9519298871358237,0.05625966814813734,2.4149648348490396,0.04345323255942654,tanh,64,1000,glorot_uniform,0.001,0.8,True,130,30,0.001,18.595652500788372
99,2.956723690032959,0.10215032558829451,2.3509358565012612,0.014461569192937123,sigmoid,128,1000,glorot_uniform,0.01,0.9,True,70,30,0.0003,13.035685300827026
100,2.9570837020874023,0.05138026987188258,2.686789353688558,0.04395646637374456,tanh,128,1000,glorot_uniform,0.001,0.7,True,70,30,0.0001,11.134185393651327
101,2.958811601003011,0.09898758792847707,2.365120013554891,0.040545029405115555,tanh,128,1000,glorot_uniform,0.001,0.9,True,130,30,0.001,11.63400705655416
102,2.960461457570394,0.09763879611185115,2.0279868443806968,0.02981920419806924,tanh,32,1000,glorot_uniform,0.001,0.8,True,130,30,0.0003,34.7271081606547
103,2.9649171829223633,0.09386285720435993,2.3346404234568277,0.048171780134237424,tanh,32,1000,glorot_uniform,0.001,0.7,True,130,30,0.001,34.688167095184326
104,2.9683263301849365,0.03424892271557693,2.6758833726247153,0.06901781841871295,tanh,32,1000,glorot_uniform,0.0001,0.9,True,70,30,0.0001,34.364649295806885
105,2.970059871673584,0.08346089645496109,2.5474390188852944,0.036126995638259704,tanh,64,1000,glorot_uniform,0.001,0.7,True,130,30,0.001,18.914668718973797
106,2.9719455242156982,0.1155387328768977,1.9562654097874959,0.042392312492360265,tanh,32,1000,glorot_uniform,0.001,0.8,True,70,30,0.0003,33.0594699382782
107,2.9721274375915527,0.048336109704275945,2.825122356414795,0.021010443801079196,sigmoid,64,1000,glorot_uniform,0.001,0.9,True,70,30,0.0003,21.82684548695882
108,2.973593791325887,0.09364952485357732,2.7340003649393716,0.050309672417345776,tanh,128,1000,glorot_uniform,0.001,0.7,True,70,30,1e-05,11.275204499562582
109,2.9738006591796875,0.10380740574646131,1.915717323621114,0.06386737170287432,tanh,64,1000,glorot_uniform,0.001,0.9,True,70,30,0.0003,17.857667525609333
110,2.981551011403402,0.0728311061994085,2.1491470336914062,0.024956341649324178,tanh,64,1000,glorot_uniform,0.001,0.9,True,130,30,0.001,18.290196975072224
111,2.9818023840586343,0.04484007669335024,2.6911818186442056,0.06136197046235242,tanh,32,1000,glorot_uniform,0.0001,0.9,True,70,30,0.0003,32.7593199412028
112,2.9849446614583335,0.10604083762928555,2.316526730855306,0.07976255927144918,sigmoid,32,1000,glorot_uniform,0.01,0.7,True,70,30,0.0003,32.297628243764244
113,2.9854582150777182,0.16525922775824664,2.065469821294149,0.020484549416347718,tanh,64,1000,glorot_uniform,0.001,0.9,True,70,30,0.001,17.904307047526043
114,2.986790657043457,0.0699348834361657,2.6231810251871743,0.017521453988612334,tanh,128,1000,glorot_uniform,0.001,0.8,True,70,30,0.001,11.10770559310913
115,2.9876922766367593,0.03954894285380245,2.835082451502482,0.031851302856561195,sigmoid,32,1000,glorot_uniform,0.001,0.8,True,70,30,0.0003,32.54605841636658
116,2.99487034479777,0.04707009672522536,2.8394779364267984,0.02659531492319921,sigmoid,32,1000,glorot_uniform,0.001,0.8,True,130,30,0.0003,32.36996523539225
117,2.9992862542470298,0.09286464513497115,2.7169411182403564,0.054398730854650384,tanh,32,1000,glorot_uniform,0.0001,0.9,True,130,30,0.0001,36.384783347447716
118,3.0008047421773276,0.12081200902565778,2.7511330445607505,0.03439003835522182,tanh,128,1000,glorot_uniform,0.001,0.7,True,130,30,1e-05,11.729805787404379
119,3.0043728351593018,0.10092526135945125,1.7759430408477783,0.08801245928477405,sigmoid,32,1000,glorot_uniform,0.01,0.8,True,70,30,1e-05,33.460981369018555
120,3.0078277587890625,0.06441666606017188,2.2540435791015625,0.027822381578408117,sigmoid,64,1000,glorot_uniform,0.01,0.9,True,130,30,0.0003,21.81785527865092
121,3.0107343991597495,0.10810559774528107,2.697971820831299,0.018072126773542276,tanh,32,1000,glorot_uniform,0.0001,0.9,True,130,30,0.0003,34.13657808303833
122,3.011943737665812,0.11215532212778773,2.6937307516733804,0.025927951057263202,tanh,32,1000,glorot_uniform,0.0001,0.9,True,130,30,1e-05,35.107913414637245
123,3.0120112101236978,0.04297874469030779,2.643584966659546,0.06853644382307615,tanh,128,1000,glorot_uniform,0.001,0.8,True,130,30,0.001,11.873313744862875
124,3.014922857284546,0.04455853635032551,2.854668219884237,0.03844436386354465,sigmoid,64,1000,glorot_uniform,0.001,0.9,True,130,30,0.0003,21.38579265276591
125,3.0186499754587808,0.0652140741991492,2.2673802375793457,0.04733892387356651,sigmoid,32,1000,glorot_uniform,0.01,0.8,True,130,30,0.0003,33.101396004358925
126,3.0217763582865396,0.041711572033930736,2.894502798716227,0.03071143800158006,sigmoid,32,1000,glorot_uniform,0.001,0.7,True,70,30,1e-05,32.20205235481262
127,3.0233634312947593,0.07469907898063642,1.7169272899627686,0.09120248709593433,tanh,128,1000,glorot_uniform,0.01,0.7,True,130,30,1e-05,11.922517617543539
128,3.0337092876434326,0.09938722335193985,2.778227170308431,0.032938709011926026,tanh,128,1000,glorot_uniform,0.001,0.7,True,130,30,0.0003,12.42838486035665
129,3.0396597385406494,0.055479657067296156,2.7716962496439614,0.04853135872583816,tanh,128,1000,glorot_uniform,0.001,0.7,True,130,30,0.0001,11.837258259455362
130,3.041201194127401,0.11721545400664408,1.9466160933176677,0.042055153250540676,sigmoid,32,1000,glorot_uniform,0.01,0.8,True,70,30,0.0001,31.677027225494385
131,3.0429207483927407,0.1101582648920755,2.0815154711405435,0.03984458974982824,tanh,32,1000,glorot_uniform,0.001,0.8,True,70,30,0.001,34.32515048980713
132,3.0448506673177085,0.10725151574931631,2.1338539918263755,0.022022923594576346,tanh,32,1000,glorot_uniform,0.001,0.8,True,130,30,0.001,35.05558721224467
133,3.0464816888173423,0.08700448412390498,1.8923019170761108,0.06527437612653501,sigmoid,64,1000,glorot_uniform,0.01,0.9,True,70,30,0.0001,19.902170260747273
134,3.051312526067098,0.07315688777665436,2.784384330113729,0.0745104772373254,tanh,128,1000,glorot_uniform,0.001,0.7,True,70,30,0.0003,11.4016592502594
135,3.0515664418538413,0.073858263397872,2.711861530939738,0.030291701928309794,sigmoid,64,1000,glorot_uniform,0.01,0.7,True,70,30,0.001,19.211357355117798
136,3.0521262486775718,0.04143678598805183,2.7751030127207437,0.059274995534390695,tanh,32,1000,glorot_uniform,0.0001,0.9,True,70,30,0.001,33.234766165415444
137,3.053560495376587,0.0664845188827202,2.856186548868815,0.04240282118423345,sigmoid,128,1000,glorot_uniform,0.01,0.7,True,70,30,0.001,13.523845116297403
138,3.053999423980713,0.11791124365597459,1.655946175257365,0.034876869603654846,tanh,128,1000,glorot_uniform,0.01,0.7,True,70,30,0.0001,11.109703461329142
139,3.0542185306549072,0.06692142865544096,2.9202638467152915,0.03834807836700819,sigmoid,32,1000,glorot_uniform,0.001,0.7,True,130,30,1e-05,33.48076621691386
140,3.055018981297811,0.1201541423862,1.6953707536061604,0.030943813420941216,tanh,128,1000,glorot_uniform,0.01,0.7,True,130,30,0.0001,11.81294051806132
141,3.0552238623301187,0.06639338941274855,2.920548756917318,0.03501345590417979,sigmoid,32,1000,glorot_uniform,0.001,0.7,True,70,30,0.0001,32.23633289337158
142,3.0561369260152182,0.047428709398133,1.876037875811259,0.04010291388265163,tanh,128,1000,glorot_uniform,0.01,0.7,True,130,30,0.0003,12.052083015441895
143,3.0568111737569175,0.09299768837539421,2.6695364316304526,0.053200520316614694,sigmoid,64,1000,glorot_uniform,0.01,0.8,True,70,30,0.001,21.35398467381795
144,3.0587435563405356,0.09179776288098578,2.8099390665690103,0.05091622376358499,sigmoid,128,1000,glorot_uniform,0.01,0.8,True,70,30,0.001,14.131169319152832
145,3.059133211771647,0.09902374030686678,1.7213355700174968,0.1471565672069313,tanh,128,1000,glorot_uniform,0.01,0.7,True,70,30,1e-05,11.128205140431723
146,3.062100966771444,0.06405319581102709,2.819650729497274,0.03840774519109221,sigmoid,32,1000,glorot_uniform,0.001,0.9,True,70,30,0.001,32.451080083847046
147,3.062758763631185,0.10038589668000913,2.773514668146769,0.008483021175163067,tanh,32,1000,glorot_uniform,0.0001,0.9,True,130,30,0.001,33.75338729222616
148,3.063976526260376,0.05005596044716695,2.717817227045695,0.03481845014145521,sigmoid,64,1000,glorot_uniform,0.01,0.8,True,130,30,0.001,21.49450174967448
149,3.0649956862131753,0.08600864027448481,2.8134639263153076,0.03085232554091879,sigmoid,128,1000,glorot_uniform,0.01,0.8,True,130,30,0.001,13.04853089650472
150,3.0725866158803306,0.06805342527201817,2.8534351189931235,0.045595086965716604,sigmoid,32,1000,glorot_uniform,0.001,0.9,True,130,30,0.001,32.19464532534281
151,3.072587331136068,0.05048492047435936,2.9142370223999023,0.04522578442791931,sigmoid,32,1000,glorot_uniform,0.001,0.7,True,130,30,0.0001,34.327101627985634
152,3.0753580729166665,0.06823898086381916,2.697815259297689,0.03591168542837989,sigmoid,128,1000,glorot_uniform,0.01,0.9,True,130,30,0.001,13.843920310338339
153,3.079875866572062,0.08818291491868165,2.1192843119303384,0.04777584690372856,sigmoid,64,1000,glorot_uniform,0.01,0.9,True,70,30,0.0003,19.12353841463725
154,3.081013838450114,0.060984890616440655,2.802945295969645,0.03937880381758346,sigmoid,64,1000,glorot_uniform,0.01,0.7,True,130,30,0.001,19.9908021291097
155,3.0818355878194175,0.057148843994600275,2.636349360148112,0.05374598169036534,sigmoid,128,1000,glorot_uniform,0.01,0.9,True,70,30,0.001,13.8391064008077
156,3.090666929880778,0.17751981599205233,2.177121877670288,0.036206588404270296,sigmoid,32,1000,glorot_uniform,0.01,0.8,True,70,30,0.0003,33.046868006388344
157,3.0908823013305664,0.03632232468745618,2.82493527730306,0.04947533639867002,tanh,128,1000,glorot_uniform,0.001,0.7,True,70,30,0.001,11.685266017913818
158,3.0910587310791016,0.09664999503016043,2.9599461555480957,0.018081315216772833,sigmoid,32,1000,glorot_uniform,0.001,0.7,True,130,30,0.0003,32.077553828557335
159,3.094013055165609,0.1355218732555878,1.7306156158447266,0.015543989901535698,tanh,128,1000,glorot_uniform,0.01,0.7,True,70,30,0.0003,11.673849185307821
160,3.097774028778076,0.17809990998444164,1.3189983765284221,0.08330499512812599,sigmoid,32,1000,glorot_uniform,0.01,0.9,True,130,30,1e-05,34.198768854141235
161,3.1028947035471597,0.08060489429546494,2.8610080083211265,0.07404989448833232,tanh,128,1000,glorot_uniform,0.001,0.7,True,130,30,0.001,12.074243863423666
162,3.111304998397827,0.07241350587129852,2.968036333719889,0.01845436037151193,sigmoid,32,1000,glorot_uniform,0.001,0.7,True,70,30,0.0003,32.039887269337974
163,3.1128159364064536,0.03647980589663371,2.902687946955363,0.05272864491350492,sigmoid,128,1000,glorot_uniform,0.01,0.7,True,130,30,0.001,13.225467205047607
164,3.118476629257202,0.07782042946966772,2.9890619119008384,0.02914821328420524,sigmoid,128,1000,glorot_uniform,0.001,0.9,True,130,30,1e-05,14.04777733484904
165,3.11940860748291,0.08657514910521896,2.605095307032267,0.017252551383952226,sigmoid,64,1000,glorot_uniform,0.01,0.9,True,130,30,0.001,21.10838047663371
166,3.131144920984904,0.06715006308353533,2.9999619325002036,0.021763995828351743,sigmoid,128,1000,glorot_uniform,0.001,0.9,True,70,30,1e-05,13.811495939890543
167,3.1327931880950928,0.033368124322982834,2.9802178541819253,0.035473365921865195,sigmoid,64,1000,glorot_uniform,0.001,0.9,True,70,30,0.001,20.499480485916138
168,3.142326593399048,0.040277422009294385,2.980195999145508,0.03609441481519712,sigmoid,32,1000,glorot_uniform,0.001,0.8,True,70,30,0.001,32.565813064575195
169,3.142979383468628,0.051003287522972736,2.7590843041737876,0.04403604878900645,sigmoid,32,1000,glorot_uniform,0.01,0.7,True,130,30,0.001,32.41669782002767
170,3.145004987716675,0.059573917035212455,3.0070547262827554,0.027729039737552405,sigmoid,64,1000,glorot_uniform,0.001,0.9,True,130,30,0.001,22.69293236732483
171,3.1464293797810874,0.14547423132003875,1.4877294301986694,0.056040941409943576,tanh,32,1000,glorot_uniform,0.001,0.9,True,130,30,1e-05,34.06050364176432
172,3.1468729972839355,0.07431388739634565,3.0226755142211914,0.032628222448670946,sigmoid,128,1000,glorot_uniform,0.001,0.9,True,130,30,0.0001,13.09425131479899
173,3.1550122102101645,0.0863798539746065,1.320490837097168,0.03301453533847288,tanh,128,1000,glorot_uniform,0.01,0.8,True,130,30,1e-05,11.851376136144003
174,3.157359759012858,0.06793390376614579,3.0341131687164307,0.01732974138077188,sigmoid,128,1000,glorot_uniform,0.001,0.9,True,70,30,0.0001,13.495907386144003
175,3.171229044596354,0.14626861411381084,2.5941197872161865,0.07480840690481631,sigmoid,64,1000,glorot_uniform,0.01,0.9,True,70,30,0.001,19.9655118783315
176,3.1723695596059165,0.06374829830976816,1.4834109942118328,0.018526992775489862,tanh,32,1000,glorot_uniform,0.001,0.9,True,130,30,0.0001,32.87928628921509
177,3.1732161045074463,0.07389055277106156,3.0479935805002847,0.030988615099940865,sigmoid,64,1000,glorot_uniform,0.001,0.8,True,130,30,1e-05,20.791037559509277
178,3.175598700841268,0.03558375155388749,3.0120546023050943,0.042596409812922925,sigmoid,32,1000,glorot_uniform,0.001,0.8,True,130,30,0.001,31.838699738184612
179,3.1761162281036377,0.08118401303335757,3.0647091070810952,0.009556795516986129,sigmoid,64,1000,glorot_uniform,0.001,0.8,True,70,30,1e-05,20.742204666137695
180,3.184060573577881,0.08357501858649831,1.8200016419092815,0.053800510301706975,tanh,32,1000,glorot_uniform,0.001,0.9,True,130,30,0.001,33.07767176628113
181,3.184254010518392,0.10145521327810146,3.069472551345825,0.021721555244967584,sigmoid,64,1000,glorot_uniform,0.001,0.8,True,130,30,0.0001,21.71747700373332
182,3.1858182748158774,0.0913377059805562,3.058183749516805,0.012022838367010546,sigmoid,128,1000,glorot_uniform,0.001,0.9,True,70,30,0.0003,13.776028076807657
183,3.187986135482788,0.07626800879451792,1.5693202018737793,0.13313228787055015,tanh,32,1000,glorot_uniform,0.001,0.9,True,130,30,0.0003,34.53298989931742
184,3.1947548389434814,0.10661615885245655,2.5797810554504395,0.06958012068996876,sigmoid,32,1000,glorot_uniform,0.01,0.8,True,70,30,0.001,32.63263456026713
185,3.1968589623769126,0.14131456156631017,2.058336019515991,0.15571416450555078,tanh,128,1000,glorot_uniform,0.01,0.7,True,70,30,0.001,11.774418354034424
186,3.197964906692505,0.19201518687898855,1.5073233842849731,0.031141656025058716,tanh,32,1000,glorot_uniform,0.001,0.9,True,70,30,0.0003,32.826105197270714
187,3.2004207770029702,0.05649627032146629,3.074780305226644,0.03720266072428569,sigmoid,64,1000,glorot_uniform,0.001,0.8,True,70,30,0.0001,18.79103112220764
188,3.201231320699056,0.08767024087541173,2.7019242445627847,0.038477731254502975,sigmoid,32,1000,glorot_uniform,0.01,0.7,True,70,30,0.001,32.655749241511025
189,3.2029995918273926,0.12263394628205623,1.4498594601949055,0.015265368082133773,tanh,128,1000,glorot_uniform,0.01,0.8,True,70,30,0.0003,11.283705393473307
190,3.203300714492798,0.0603094396114722,3.0635615984598794,0.04421538128796048,sigmoid,128,1000,glorot_uniform,0.001,0.9,True,130,30,0.0003,13.653831879297892
191,3.2039763927459717,0.07858557464199054,3.0865701039632163,0.021138393705264852,sigmoid,64,1000,glorot_uniform,0.001,0.8,True,130,30,0.0003,21.922924280166626
192,3.2134920756022134,0.135820658623831,1.5267759561538696,0.06936851437023868,tanh,128,1000,glorot_uniform,0.01,0.8,True,130,30,0.0001,11.812400102615356
193,3.2183974583943686,0.09744577738365018,2.1311258474985757,0.05487354372707586,tanh,128,1000,glorot_uniform,0.01,0.7,True,130,30,0.001,11.848801294962565
194,3.2195310592651367,0.1229178905287436,1.3115342060724895,0.02375467454423594,tanh,64,1000,glorot_uniform,0.01,0.7,True,130,30,0.0001,18.2413326104482
195,3.219548225402832,0.04541601799440875,1.4452319145202637,0.0169005545974298,tanh,32,1000,glorot_uniform,0.001,0.9,True,70,30,0.0001,32.89730008443197
196,3.2198637326558432,0.1273502665578685,1.3607124884923298,0.009853820898413516,tanh,32,1000,glorot_uniform,0.001,0.9,True,70,30,1e-05,32.79995608329773
197,3.226298729578654,0.058379709648474394,2.7920379638671875,0.12844792353501067,sigmoid,32,1000,glorot_uniform,0.01,0.8,True,130,30,0.001,32.6377325852712
198,3.232027769088745,0.0884922371512545,1.216607888539632,0.023680486349221607,tanh,64,1000,glorot_uniform,0.01,0.7,True,130,30,1e-05,18.24761192003886
199,3.2432234287261963,0.1079586903330219,1.262244462966919,0.0958213108191958,tanh,64,1000,glorot_uniform,0.01,0.7,True,70,30,0.0001,17.89642588297526
200,3.245826323827108,0.09673911130089416,2.0684702396392822,0.03415826642575938,sigmoid,32,1000,glorot_uniform,0.01,0.9,True,130,30,0.0003,34.31824096043905
201,3.2467944622039795,0.07666493971755844,2.6016806761423745,0.06260622899456038,sigmoid,32,1000,glorot_uniform,0.01,0.9,True,130,30,0.001,32.732633193333946
202,3.2495020230611167,0.08703056701476722,3.119333505630493,0.04525180067769219,sigmoid,64,1000,glorot_uniform,0.001,0.8,True,70,30,0.0003,20.62548502286275
203,3.2508978048960366,0.07027424105509152,1.290751536687215,0.025479269298269294,tanh,128,1000,glorot_uniform,0.01,0.8,True,70,30,1e-05,11.532551288604736
204,3.253880023956299,0.07356678733719695,1.592067003250122,0.05231670192117147,sigmoid,32,1000,glorot_uniform,0.01,0.9,True,130,30,0.0001,34.44842211405436
205,3.255692481994629,0.11680201427835528,1.680393099784851,0.053291089214420016,tanh,128,1000,glorot_uniform,0.01,0.8,True,130,30,0.0003,12.152461290359497
206,3.2672906716664634,0.05471270317970228,3.127824147542318,0.029363055757778853,sigmoid,32,1000,glorot_uniform,0.001,0.7,True,70,30,0.001,32.294885794321694
207,3.273306369781494,0.1295820305149314,1.2293879588445027,0.06865932211587708,sigmoid,32,1000,glorot_uniform,0.01,0.9,True,70,30,1e-05,38.66757369041443
208,3.27608331044515,0.07518033098138965,1.3810650904973347,0.03237669557255402,tanh,128,1000,glorot_uniform,0.01,0.8,True,70,30,0.0001,11.332104523976644
209,3.276478131612142,0.09172262415138292,1.7653290033340454,0.07433262023651932,tanh,32,1000,glorot_uniform,0.001,0.9,True,70,30,0.001,32.924773534139
210,3.2809242407480874,0.0784067595561468,3.1515984535217285,0.014850241989624225,sigmoid,32,1000,glorot_uniform,0.001,0.7,True,130,30,0.001,32.467395544052124
211,3.284959634145101,0.11256929574106483,2.533279021581014,0.011691691388952362,sigmoid,32,1000,glorot_uniform,0.01,0.9,True,70,30,0.001,35.75310182571411
212,3.2940154870351157,0.13863877973063637,1.0624495546023052,0.047326600846006775,tanh,64,1000,glorot_uniform,0.01,0.7,True,70,30,1e-05,17.92715056737264
213,3.296410242716471,0.14295574396620692,2.001092274983724,0.08321348275006277,tanh,128,1000,glorot_uniform,0.01,0.8,True,130,30,0.001,12.085359652837118
214,3.2987746397654214,0.06730710113440005,1.801363507906596,0.06205235832300056,tanh,64,1000,glorot_uniform,0.01,0.7,True,130,30,0.001,19.076056321461994
215,3.311862071355184,0.06367977035569487,3.2073450883229575,0.02098292001414632,sigmoid,128,1000,glorot_uniform,0.001,0.9,True,70,30,0.001,13.702948093414307
216,3.3168954849243164,0.15706869510768323,1.3270270824432373,0.03580475455306468,tanh,64,1000,glorot_uniform,0.01,0.7,True,130,30,0.0003,18.944098711013794
217,3.3243345419565835,0.1442269936389494,1.308297038078308,0.03413642063016825,tanh,64,1000,glorot_uniform,0.01,0.7,True,70,30,0.0003,18.01889975865682
218,3.340823173522949,0.07759927220958136,3.205697695414225,0.00790718688564554,sigmoid,128,1000,glorot_uniform,0.001,0.9,True,130,30,0.001,13.862784226735434
219,3.3522750536600747,0.04411438252019675,3.236341953277588,0.051537750188794695,sigmoid,64,1000,glorot_uniform,0.001,0.8,True,70,30,0.001,18.832117319107056
220,3.3731370766957602,0.09024592847644622,3.244321425755819,0.02478618343594804,sigmoid,64,1000,glorot_uniform,0.001,0.8,True,130,30,0.001,20.993384679158527
221,3.3910622596740723,0.09358709302996081,0.9557328025499979,0.03534114931484682,tanh,64,1000,glorot_uniform,0.01,0.8,True,130,30,1e-05,18.919870217641193
222,3.396782716115316,0.10996053067734016,1.0362968643506367,0.05176303733643394,tanh,32,1000,glorot_uniform,0.01,0.7,True,130,30,1e-05,33.63412038485209
223,3.4135568936665854,0.09347579802449824,1.5482438405354817,0.06269698088366071,sigmoid,32,1000,glorot_uniform,0.01,0.9,True,70,30,0.0001,40.59555093447367
224,3.421133200327555,0.16938372021869139,1.0204693675041199,0.062146375969504994,tanh,64,1000,glorot_uniform,0.01,0.8,True,130,30,0.0001,18.691253662109375
225,3.43747878074646,0.16816973428467075,3.2488656044006348,0.05799035012224072,tanh,64,1000,glorot_uniform,0.0001,0.9,True,70,30,0.0003,17.721324682235718
226,3.4410651524861655,0.1894092781416246,1.8270384073257446,0.04373583613190376,tanh,128,1000,glorot_uniform,0.01,0.8,True,70,30,0.001,11.511815945307413
227,3.44481094678243,0.05688152412982,3.2827045917510986,0.07657588506590554,tanh,64,1000,glorot_uniform,0.0001,0.9,True,130,30,0.0003,18.401111602783203
228,3.448124408721924,0.1296594211904982,1.231565793355306,0.11052218389727819,tanh,64,1000,glorot_uniform,0.01,0.8,True,130,30,0.0003,18.780821879704792
229,3.4508217175801597,0.10110537916304736,3.279317537943522,0.05169118608192208,tanh,32,1000,glorot_uniform,0.0001,0.8,True,130,30,1e-05,34.119351069132485
230,3.4534573554992676,0.11482879146865257,3.2845680713653564,0.02273204451240898,tanh,64,1000,glorot_uniform,0.0001,0.9,True,130,30,0.0001,19.133290608723957
231,3.4535251458485923,0.1689357159765757,1.9820988178253174,0.12799605360263702,sigmoid,32,1000,glorot_uniform,0.01,0.9,True,70,30,0.0003,39.602195262908936
232,3.455751816431681,0.08435751506896028,3.3570804595947266,0.007204786267643142,sigmoid,64,1000,glorot_uniform,0.001,0.7,True,70,30,0.0001,20.614407618840534
233,3.4702290693918862,0.18801228956661567,3.318902015686035,0.07835930362834559,tanh,64,1000,glorot_uniform,0.0001,0.9,True,70,30,0.001,17.95003056526184
234,3.478660742441813,0.10617834839859015,3.370487372080485,0.038707170246165504,sigmoid,64,1000,glorot_uniform,0.001,0.7,True,130,30,1e-05,22.12105417251587
235,3.482599894205729,0.041089165268379864,3.323650360107422,0.055913122682076336,tanh,32,1000,glorot_uniform,0.0001,0.8,True,70,30,0.0003,32.611692587534584
236,3.48320206006368,0.0905132814516484,1.7028483152389526,0.04911197691176464,tanh,64,1000,glorot_uniform,0.01,0.7,True,70,30,0.001,18.279478549957275
237,3.483590602874756,0.04841777575433438,3.3396297295888266,0.05363020477376139,tanh,64,1000,glorot_uniform,0.0001,0.9,True,130,30,1e-05,19.064161380132038
238,3.484935442606608,0.1831913368900251,0.8134928345680237,0.04361220776246844,tanh,32,1000,glorot_uniform,0.01,0.8,True,130,30,1e-05,33.25740615526835
239,3.4880775610605874,0.03581882895747309,0.9005237023035685,0.0777825447933452,tanh,128,1000,glorot_uniform,0.01,0.9,True,70,30,0.0001,11.48403549194336
240,3.489391644795736,0.07096994794380111,3.3854482173919678,0.06635675456532539,sigmoid,64,1000,glorot_uniform,0.001,0.7,True,70,30,1e-05,20.101238171259563
241,3.4905813535054526,0.052012234935216346,3.355384190877279,0.0628680038436198,tanh,32,1000,glorot_uniform,0.0001,0.8,True,70,30,0.001,32.20042626063029
242,3.4908878803253174,0.09731454969156085,1.0228923559188843,0.056870765145599286,tanh,128,1000,glorot_uniform,0.01,0.9,True,130,30,0.0001,12.113145589828491
243,3.491796096165975,0.07541532503559747,3.3785132567087808,0.021421879825431377,sigmoid,64,1000,glorot_uniform,0.001,0.7,True,130,30,0.0001,21.50175205866496
244,3.496521472930908,0.03826183624537657,0.9528030753135681,0.02839562389400737,tanh,32,1000,glorot_uniform,0.01,0.7,True,70,30,0.0001,33.37166007359823
245,3.496988852818807,0.05773358967453724,0.8108135263125101,0.047974183100974385,tanh,32,1000,glorot_uniform,0.01,0.7,True,70,30,1e-05,32.88671135902405
246,3.4995012283325195,0.06339663015425931,0.875024696191152,0.03310436363366761,tanh,64,1000,glorot_uniform,0.01,0.8,True,70,30,1e-05,18.328773339589436
247,3.5029261112213135,0.12677844738813923,3.365894397099813,0.038466016927991696,tanh,64,1000,glorot_uniform,0.0001,0.9,True,70,30,0.0001,18.178663969039917
248,3.5059702396392822,0.11321839955397615,3.3637770811716714,0.04667470755726944,tanh,32,1000,glorot_uniform,0.0001,0.8,True,70,30,0.0001,34.927499214808144
249,3.5063937505086265,0.13421256918006405,1.0872105757395427,0.01155068016503881,tanh,32,1000,glorot_uniform,0.01,0.7,True,70,30,0.0003,31.070154666900635
250,3.509623130162557,0.08846247607420628,0.6765435735384623,0.0421632201394632,tanh,32,1000,glorot_uniform,0.01,0.9,True,70,30,1e-05,31.24960732460022
251,3.509629567464193,0.18399857749769744,3.353249470392863,0.08913331576065044,tanh,32,1000,glorot_uniform,0.0001,0.8,True,70,30,1e-05,34.954501469930015
252,3.513218879699707,0.12230558690599222,0.930169423421224,0.002576088306842944,tanh,128,1000,glorot_uniform,0.01,0.9,True,130,30,1e-05,12.101664463678995
253,3.514933188756307,0.08201819179190836,3.3346081574757895,0.12749301261690463,tanh,32,1000,glorot_uniform,0.0001,0.8,True,130,30,0.0003,32.67194962501526
254,3.5165176391601562,0.3171903908994592,0.8700746496518453,0.012334101146512177,tanh,32,1000,glorot_uniform,0.01,0.8,True,70,30,0.0001,32.50189288457235
255,3.524037520090739,0.0635998806403279,3.432453473409017,0.05269594058082795,sigmoid,64,1000,glorot_uniform,0.001,0.7,True,70,30,0.0003,20.62570532162984
256,3.5277907848358154,0.059549069495471806,1.1593226591746013,0.10919926732206048,tanh,64,1000,glorot_uniform,0.01,0.8,True,70,30,0.0003,17.700032393137615
257,3.5323142210642495,0.0739339411616945,0.6120249231656393,0.01896620935305785,tanh,64,1000,glorot_uniform,0.01,0.9,True,70,30,1e-05,18.180320024490356
258,3.5340820948282876,0.1110931507315403,0.8627391258875529,0.0738045819982818,tanh,128,1000,glorot_uniform,0.01,0.9,True,70,30,1e-05,11.367698669433594
259,3.5488317012786865,0.20339953511228606,1.0998332897822063,0.06656615017184547,tanh,32,1000,glorot_uniform,0.01,0.7,True,130,30,0.0001,33.676979541778564
260,3.549776871999105,0.11878542408101023,0.6970908641815186,0.05551868540491164,tanh,32,1000,glorot_uniform,0.01,0.9,True,130,30,1e-05,32.16386469205221
261,3.5514623324076333,0.09917705352978558,3.358531951904297,0.05599262130242412,tanh,32,1000,glorot_uniform,0.0001,0.8,True,130,30,0.001,34.76638929049174
262,3.573283592859904,0.17354082329260737,0.9414979020754496,0.03147920769348365,tanh,64,1000,glorot_uniform,0.01,0.8,True,70,30,0.0001,18.33550151189168
263,3.580122470855713,0.14787571040235928,1.05789448817571,0.09332402190796914,tanh,128,1000,glorot_uniform,0.01,0.9,True,70,30,0.0003,11.303496440251669
264,3.592779795328776,0.05525241642486023,1.260492165883382,0.06407816588599906,tanh,32,1000,glorot_uniform,0.01,0.7,True,130,30,0.0003,31.964804649353027
265,3.5961430072784424,0.06243765185477807,3.486088514328003,0.05930335031462092,sigmoid,64,1000,glorot_uniform,0.001,0.7,True,130,30,0.0003,20.51056440671285
266,3.5982643763224282,0.11605935114902921,0.9302736719449362,0.05519828143756735,tanh,32,1000,glorot_uniform,0.01,0.8,True,130,30,0.0001,33.79048236211141
267,3.608895778656006,0.08501982387469934,1.538674275080363,0.06238983790495794,tanh,128,1000,glorot_uniform,0.01,0.9,True,130,30,0.001,11.783362865447998
268,3.609217723210653,0.14583255252376173,0.7563295563062032,0.07108711108190292,tanh,32,1000,glorot_uniform,0.01,0.9,True,70,30,0.0001,31.210178454717
269,3.6099890073140464,0.11660535389651636,1.0989888509114583,0.07175342381639364,tanh,128,1000,glorot_uniform,0.01,0.9,True,130,30,0.0003,11.92065135637919
270,3.611159880956014,0.11235001758099818,0.6966510017712911,0.06412527353388621,tanh,32,1000,glorot_uniform,0.01,0.8,True,70,30,1e-05,32.603582302729286
271,3.613546450932821,0.15900327913396234,1.0086275339126587,0.024244303592548293,tanh,32,1000,glorot_uniform,0.01,0.9,True,70,30,0.0003,32.39827060699463
272,3.617354075113932,0.20903900161073566,3.4827842712402344,0.21183431453179968,tanh,64,1000,glorot_uniform,0.0001,0.9,True,70,30,1e-05,18.25524107615153
273,3.6194278399149575,0.14551892876162786,3.420602003733317,0.2041229310934174,tanh,32,1000,glorot_uniform,0.0001,0.8,True,130,30,0.0001,35.658251444498696
274,3.62753955523173,0.06763769640962898,3.526412566502889,0.039179802204647486,sigmoid,64,1000,glorot_uniform,0.001,0.7,True,130,30,0.001,21.787786722183228
275,3.629558722178141,0.07374565036658078,3.4629577000935874,0.14824009880327152,tanh,64,1000,glorot_uniform,0.0001,0.9,True,130,30,0.001,18.084121624628704
276,3.6392972469329834,0.21933724174607167,0.8950850168863932,0.06318269956487617,tanh,32,1000,glorot_uniform,0.01,0.9,True,130,30,0.0001,32.46968340873718
277,3.6442325909932456,0.08709934499134504,1.5776351690292358,0.019972968560009127,tanh,64,1000,glorot_uniform,0.01,0.8,True,130,30,0.001,19.002379417419434
278,3.644741932551066,0.11043117550268783,1.5250961780548096,0.07616418963784057,tanh,64,1000,glorot_uniform,0.01,0.8,True,70,30,0.001,17.540257215499878
279,3.649858315785726,0.024174117618653616,0.6235957344373068,0.02768031820897489,tanh,64,1000,glorot_uniform,0.01,0.9,True,130,30,1e-05,18.80774251619975
280,3.66601832707723,0.2707308093881759,0.7885518868764242,0.03267348658103009,tanh,64,1000,glorot_uniform,0.01,0.9,True,130,30,0.0001,18.942312399546307
281,3.6734177271525064,0.11074274397254799,1.4624144236246746,0.08100691193341664,tanh,128,1000,glorot_uniform,0.01,0.9,True,70,30,0.001,11.354494094848633
282,3.678924083709717,0.08942240972118769,0.9502756794293722,0.07923062931565115,tanh,64,1000,glorot_uniform,0.01,0.9,True,130,30,0.0003,18.570791800816853
283,3.683962106704712,0.057456205686136554,1.0386306246121724,0.05167932033484308,tanh,32,1000,glorot_uniform,0.01,0.8,True,130,30,0.0003,33.33566276232401
284,3.6927565733591714,0.10930621376315287,0.7474244435628256,0.08401925235784993,tanh,64,1000,glorot_uniform,0.01,0.9,True,70,30,0.0001,18.038262208302815
285,3.709832747777303,0.07147003934173518,3.594454606374105,0.10376391539202459,sigmoid,64,1000,glorot_uniform,0.001,0.7,True,70,30,0.001,21.766890287399292
286,3.7122765382130942,0.12750561727807638,1.631062388420105,0.07663082451803331,tanh,32,1000,glorot_uniform,0.01,0.7,True,70,30,0.001,30.49167013168335
287,3.7256959279378257,0.058305708967053414,1.696847637494405,0.07724706735956445,tanh,32,1000,glorot_uniform,0.01,0.7,True,130,30,0.001,33.020023902257286
288,3.725773731867472,0.045757280684687214,0.8630376855532328,0.02346031767764078,tanh,64,1000,glorot_uniform,0.01,0.9,True,70,30,0.0003,17.820984204610188
289,3.7364882628122964,0.08326699323082289,1.0541724761327107,0.05349739067607092,tanh,32,1000,glorot_uniform,0.01,0.8,True,70,30,0.0003,32.438258012135826
290,3.738095204035441,0.1211226146411701,1.4647671778996785,0.08379607361571667,tanh,32,1000,glorot_uniform,0.01,0.8,True,70,30,0.001,34.131182273228966
291,3.7690948645273843,0.11928667942759771,1.0467304189999898,0.05735573268242331,tanh,32,1000,glorot_uniform,0.01,0.9,True,130,30,0.0003,33.5244132677714
292,3.769953409830729,0.05776420412657887,1.529881477355957,0.0381522926515091,tanh,32,1000,glorot_uniform,0.01,0.8,True,130,30,0.001,32.37096913655599
293,3.783670981725057,0.06427110246493994,3.6822020212809243,0.035806111536459094,sigmoid,128,1000,glorot_uniform,0.001,0.8,True,130,30,0.0001,14.243593454360962
294,3.8127480347951255,0.09137509363012553,1.4394772847493489,0.06934372930982081,tanh,64,1000,glorot_uniform,0.01,0.9,True,130,30,0.001,18.339093844095867
295,3.814886967341105,0.06543026559807626,3.715761741002401,0.052564204996390924,sigmoid,128,1000,glorot_uniform,0.001,0.8,True,70,30,1e-05,13.212019999821981
296,3.815075476964315,0.1045477279135193,1.5764936606089275,0.12843382944726553,tanh,32,1000,glorot_uniform,0.01,0.9,True,130,30,0.001,32.32109785079956
297,3.832127014795939,0.1684076051334968,3.7451213200887046,0.053327724594154906,sigmoid,128,1000,glorot_uniform,0.001,0.8,True,130,30,1e-05,14.721718549728394
298,3.8340046405792236,0.08546676788570993,1.531091849009196,0.04718543293223385,tanh,32,1000,glorot_uniform,0.01,0.9,True,70,30,0.001,32.77063592274984
299,3.8421599864959717,0.05880874499419914,3.755644162495931,0.06239619117758617,sigmoid,128,1000,glorot_uniform,0.001,0.8,True,70,30,0.0001,12.76611614227295
300,3.8759429454803467,0.07828604084190727,3.787658214569092,0.1248025074472045,sigmoid,128,1000,glorot_uniform,0.001,0.8,True,130,30,0.0003,13.654699007670084
301,3.92928139368693,0.171592112625343,1.3882990678151448,0.12373785011225036,tanh,64,1000,glorot_uniform,0.01,0.9,True,70,30,0.001,17.95864184697469
302,3.9750197728474936,0.1155060830443075,3.891109069188436,0.15797664589318386,sigmoid,128,1000,glorot_uniform,0.001,0.8,True,70,30,0.0003,12.870230913162231
303,4.022665341695149,0.22491049869420318,3.9268671671549478,0.1346263517505955,sigmoid,128,1000,glorot_uniform,0.001,0.8,True,70,30,0.001,14.134230136871338
304,4.06574273109436,0.11972482485336267,3.969187100728353,0.14125693356311442,sigmoid,128,1000,glorot_uniform,0.001,0.8,True,130,30,0.001,14.163057406743368
305,4.255738894144694,0.10151958429467188,4.143209934234619,0.0678751677731477,tanh,32,1000,glorot_uniform,0.0001,0.7,True,70,30,1e-05,35.40256555875143
306,4.321253061294556,0.29549320929556155,4.197427272796631,0.18666522032194108,tanh,32,1000,glorot_uniform,0.0001,0.7,True,70,30,0.0001,37.58957362174988
307,4.3347212473551435,0.11135542605901583,4.215799172719319,0.0840202517736749,tanh,32,1000,glorot_uniform,0.0001,0.7,True,130,30,0.0001,40.647284825642906
308,4.400798797607422,0.06589332457996061,4.288607915242513,0.16452559995960978,tanh,32,1000,glorot_uniform,0.0001,0.7,True,70,30,0.0003,34.38006202379862
309,4.4544782638549805,0.0679480923027538,4.341780662536621,0.15005950773351295,tanh,32,1000,glorot_uniform,0.0001,0.7,True,130,30,1e-05,38.70408113797506
310,4.565535386403401,0.12467518750092443,4.45620059967041,0.060665808920520446,tanh,32,1000,glorot_uniform,0.0001,0.7,True,130,30,0.001,40.68271938959757
311,4.619557539621989,0.1572234648579835,4.502259254455566,0.16264000983286253,tanh,32,1000,glorot_uniform,0.0001,0.7,True,130,30,0.0003,38.25000341733297
312,4.664473215738933,0.20213492466546618,4.554341793060303,0.3382507150280535,tanh,32,1000,glorot_uniform,0.0001,0.7,True,70,30,0.001,37.22598123550415
313,4.974090735117595,0.47357628740199426,4.881472110748291,0.5330117341504976,sigmoid,32,1000,glorot_uniform,0.0001,0.9,True,70,30,0.0001,32.07931248346964
314,5.006041208902995,0.251112646791289,4.91945759455363,0.24448905019595307,tanh,128,1000,glorot_uniform,0.0001,0.9,True,130,30,0.0001,12.144515991210938
315,5.01848824818929,0.28225133932157265,4.897423267364502,0.36696902877243887,tanh,128,1000,glorot_uniform,0.0001,0.9,True,130,30,1e-05,12.11847734451294
316,5.10689640045166,0.2440779545115971,5.021299680074056,0.24344585369137658,tanh,128,1000,glorot_uniform,0.0001,0.9,True,130,30,0.0003,11.80601135889689
317,5.1405259768168134,0.19008087212656596,5.098217964172363,0.22455000404731554,sigmoid,32,1000,glorot_uniform,0.0001,0.9,True,70,30,1e-05,31.746556758880615
318,5.162260055541992,0.25883602137201933,5.047520478566487,0.24923198931537208,tanh,128,1000,glorot_uniform,0.0001,0.9,True,70,30,0.0003,11.182159026463827
319,5.210251649220784,0.3011569641401018,5.163692474365234,0.3051531418605956,sigmoid,32,1000,glorot_uniform,0.0001,0.9,True,130,30,0.0001,33.77489153544108
320,5.265518506368001,0.25503311790906735,5.178840319315593,0.36095498098339707,tanh,128,1000,glorot_uniform,0.0001,0.9,True,70,30,0.0001,11.49122953414917
321,5.280327796936035,0.26181614815663823,5.1816840171813965,0.247268754400467,tanh,128,1000,glorot_uniform,0.0001,0.9,True,70,30,0.001,11.280026117960611
322,5.291634559631348,0.053191564475369706,5.204896450042725,0.1794541355192532,tanh,64,1000,glorot_uniform,0.0001,0.8,True,70,30,0.0003,17.07262047131856
323,5.341964880625407,0.23020215548046877,5.302144209543864,0.21615185485430385,sigmoid,32,1000,glorot_uniform,0.0001,0.9,True,130,30,1e-05,33.48805173238119
324,5.419943014780681,0.22673947007038894,5.328207810719808,0.0819624555172535,tanh,64,1000,glorot_uniform,0.0001,0.8,True,130,30,0.0001,19.077375570933025
325,5.468157768249512,0.23557070561855292,5.358203570048015,0.15337134703836902,tanh,64,1000,glorot_uniform,0.0001,0.8,True,130,30,1e-05,19.313475131988525
326,5.492124557495117,0.30392518672417523,5.3935472170511884,0.18137148948828835,tanh,64,1000,glorot_uniform,0.0001,0.8,True,70,30,0.001,16.830324331919353
327,5.519462903340657,0.4671889412439533,5.421431700388591,0.330663398808358,tanh,128,1000,glorot_uniform,0.0001,0.9,True,70,30,1e-05,11.560342947642008
328,5.552127997080485,0.2547051147114534,5.4694539705912275,0.12392687364728522,tanh,64,1000,glorot_uniform,0.0001,0.8,True,70,30,1e-05,18.820055961608887
329,5.5635067621866865,0.4764875611335322,5.538058439890544,0.48780761601858014,sigmoid,32,1000,glorot_uniform,0.0001,0.9,True,70,30,0.0003,31.87633442878723
330,5.595514297485352,0.1154499335272345,5.557275136311849,0.07816191176337607,sigmoid,32,1000,glorot_uniform,0.0001,0.9,True,130,30,0.0003,32.74951998392741
331,5.679133892059326,0.29572591804983084,5.5893988609313965,0.3662713594027641,tanh,128,1000,glorot_uniform,0.0001,0.9,True,130,30,0.001,11.715133428573608
332,5.6847297350565595,0.38528515101695704,5.649499416351318,0.35455399579540486,sigmoid,32,1000,glorot_uniform,0.0001,0.9,True,70,30,0.001,31.79335292180379
333,5.686351299285889,0.5040225380319668,5.654789924621582,0.463670664273312,sigmoid,32,1000,glorot_uniform,0.0001,0.9,True,130,30,0.001,32.2158370812734
334,5.690783977508545,0.45709221773805797,5.606744289398193,0.31855571553446355,tanh,64,1000,glorot_uniform,0.0001,0.8,True,130,30,0.0003,18.380091587702434
335,5.744171619415283,0.39449609255104606,5.665308475494385,0.2605815786937924,tanh,64,1000,glorot_uniform,0.0001,0.8,True,70,30,0.0001,18.752291123072307
336,5.76699686050415,0.2116050702295448,5.730200290679932,0.23662658970805195,sigmoid,128,1000,glorot_uniform,0.001,0.7,True,130,30,1e-05,13.849352518717447
337,5.825653870900472,0.375898960304522,5.760178565979004,0.4871278729964739,tanh,64,1000,glorot_uniform,0.0001,0.8,True,130,30,0.001,18.75468420982361
338,5.88039509455363,0.11514207673999785,5.847927252451579,0.14691571938642847,sigmoid,128,1000,glorot_uniform,0.001,0.7,True,130,30,0.001,13.374483982721964
339,6.007227102915446,0.238893813057535,5.991414546966553,0.24201305376994048,sigmoid,128,1000,glorot_uniform,0.001,0.7,True,130,30,0.0001,13.57301131884257
340,6.131811141967773,0.18814535947159855,6.11152998606364,0.17741066819248733,sigmoid,128,1000,glorot_uniform,0.001,0.7,True,70,30,0.0001,13.23406434059143
341,6.189103444417317,0.07841764803483946,6.158465544382731,0.09900696695994785,sigmoid,128,1000,glorot_uniform,0.001,0.7,True,130,30,0.0003,13.487001657485962
342,6.231635093688965,0.23265521815443374,5.770948568979899,0.3979696757587756,sigmoid,32,1000,glorot_uniform,0.0001,1,True,130,30,0.0003,32.680767138799034
343,6.294269561767578,0.4310347693335588,6.248884677886963,0.42146962303023455,sigmoid,128,1000,glorot_uniform,0.001,0.7,True,70,30,0.0003,13.365590333938599
344,6.328685760498047,0.20495860679092937,6.281081040700276,0.17318821258757383,sigmoid,128,1000,glorot_uniform,0.001,0.7,True,70,30,0.001,13.59688933690389
345,6.709013303120931,0.6412324951542051,6.3625914255778,0.4668707873405184,sigmoid,32,1000,glorot_uniform,0.0001,1,True,130,30,0.0001,33.64227636655172
346,6.792677879333496,0.45023037653769094,6.730470657348633,0.4360908368107255,sigmoid,128,1000,glorot_uniform,0.001,0.7,True,70,30,1e-05,13.57389211654663
347,6.985437711079915,0.7392767374477149,6.755454381306966,0.7962755471468849,sigmoid,32,1000,glorot_uniform,0.0001,1,True,70,30,0.0001,32.26872634887695
348,7.6427609125773115,0.1958486335360156,7.004326820373535,0.2677627832870142,sigmoid,128,1000,glorot_uniform,0.001,1,True,130,30,0.001,14.649628241856893
349,7.656084219614665,0.4522131469639,7.063221454620361,0.31748822188913217,sigmoid,32,1000,glorot_uniform,0.0001,1,True,70,30,0.0003,31.92099340756734
350,7.824530283610026,0.504154542758339,7.740761121114095,0.40791159549276834,tanh,64,1000,glorot_uniform,0.0001,0.7,True,130,30,0.001,19.91195074717204
351,7.973739306131999,0.3980126088855111,7.900029182434082,0.22015149348974836,tanh,64,1000,glorot_uniform,0.0001,0.7,True,130,30,1e-05,17.98547625541687
352,8.092101891835531,0.09401563262228872,8.049055258433023,0.08089863999122301,sigmoid,32,1000,glorot_uniform,0.0001,0.8,True,130,30,0.0001,33.343021074930824
353,8.121149063110352,0.11871626146832583,8.052787780761719,0.3022101604157123,tanh,64,1000,glorot_uniform,0.0001,0.7,True,130,30,0.0001,18.01022760073344
354,8.122060298919678,0.15898129741341066,8.082730293273926,0.09133803705413114,sigmoid,32,1000,glorot_uniform,0.0001,0.8,True,130,30,1e-05,33.68369722366333
355,8.131697018941244,0.08217880829817228,8.081218401590982,0.07181772654203553,sigmoid,64,1000,glorot_uniform,0.0001,0.9,True,130,30,0.0001,20.19629367192586
356,8.152807553609213,0.07701552756704835,8.104235649108887,0.04181487942821231,sigmoid,64,1000,glorot_uniform,0.0001,0.9,True,130,30,0.0003,20.955260356267292
357,8.183156331380209,0.04690269093452881,8.133624076843262,0.03844621854804368,sigmoid,32,1000,glorot_uniform,0.0001,0.8,True,70,30,1e-05,32.08318169911703
358,8.189345995585123,0.05848970104349528,8.152005831400553,0.08644612823676769,sigmoid,32,1000,glorot_uniform,0.0001,0.8,True,70,30,0.0001,31.83842333157857
359,8.197572708129883,0.054006497730366254,8.145921071370443,0.04472423202736404,sigmoid,64,1000,glorot_uniform,0.0001,0.9,True,130,30,1e-05,21.576459566752117
360,8.19903596242269,0.08762697225362022,8.16196346282959,0.025753801936530603,sigmoid,64,1000,glorot_uniform,0.0001,0.9,True,70,30,1e-05,19.93521563212077
361,8.209553082784018,0.1103345473377832,8.151272137959799,0.07242614489475988,sigmoid,32,1000,glorot_uniform,0.0001,0.8,True,130,30,0.0003,32.58267164230347
362,8.269552230834961,0.10443475651915174,8.21259593963623,0.09850713174108872,sigmoid,64,1000,glorot_uniform,0.0001,0.9,True,130,30,0.001,20.179153839747112
363,8.272341251373291,0.4614324907961157,8.210774580637613,0.3144140618478398,tanh,64,1000,glorot_uniform,0.0001,0.7,True,70,30,0.0001,17.621888399124146
364,8.274664878845215,0.5162122279665959,7.942375024159749,0.6129934707123791,sigmoid,128,1000,glorot_uniform,0.01,1,True,70,30,0.001,15.119573593139648
365,8.280159632364908,0.06363059764895056,8.230247179667154,0.07719282893663397,sigmoid,32,1000,glorot_uniform,0.0001,0.8,True,70,30,0.0003,31.75168760617574
366,8.282093365987143,0.020429377339385518,8.237774213155111,0.06845745203421066,sigmoid,64,1000,glorot_uniform,0.0001,0.9,True,70,30,0.0003,20.424742539723713
367,8.292602062225342,0.21937624115611487,8.22451670964559,0.3435379056414406,tanh,64,1000,glorot_uniform,0.0001,0.7,True,130,30,0.0003,19.359580437342327
368,8.293750762939453,0.05673367012869508,8.243577639261881,0.024434626498500003,sigmoid,64,1000,glorot_uniform,0.0001,0.9,True,70,30,0.0001,19.025492906570435
369,8.335071245829264,0.045084837460538554,8.297808329264322,0.05388585502965992,sigmoid,32,1000,glorot_uniform,0.0001,0.8,True,130,30,0.001,32.379460414250694
370,8.340660095214844,0.03800557654241941,8.307848612467447,0.05387732374387713,sigmoid,64,1000,glorot_uniform,0.0001,0.9,True,70,30,0.001,20.25041429201762
371,8.362942695617676,0.11107235917708097,8.321676890055338,0.043675220841136175,sigmoid,32,1000,glorot_uniform,0.0001,0.8,True,70,30,0.001,31.92742435137431
372,8.421745300292969,0.839670192342113,7.982427597045898,0.7545337114361897,sigmoid,64,1000,glorot_uniform,0.001,1,True,70,30,0.001,19.304927349090576
373,8.431075731913248,0.3602680041731168,8.412106196085611,0.29132064461230733,tanh,64,1000,glorot_uniform,0.0001,0.7,True,70,30,1e-05,17.88619550069173
374,8.484217007954916,0.08618759017727533,8.44306214650472,0.006928635246211815,sigmoid,32,1000,glorot_uniform,0.0001,0.7,True,70,30,0.0001,32.00779724121094
375,8.506016731262207,0.07067831456292718,8.473812739054361,0.04004054557218424,sigmoid,32,1000,glorot_uniform,0.0001,0.7,True,70,30,1e-05,31.687824090321858
376,8.52445920308431,0.032257431447879195,8.502855936686197,0.06755261096836261,sigmoid,32,1000,glorot_uniform,0.0001,0.7,True,70,30,0.0003,31.877408027648926
377,8.546196619669596,0.025152914758161733,8.510628700256348,0.06690541865337274,sigmoid,32,1000,glorot_uniform,0.0001,0.7,True,130,30,1e-05,33.31609431902567
378,8.555705865224203,0.7655280855281091,8.145172278086344,0.73275116488441,sigmoid,64,1000,glorot_uniform,0.001,1,True,70,30,0.0003,18.85510277748108
379,8.57681147257487,0.029194942043309993,8.551190058390299,0.06855667592787971,sigmoid,32,1000,glorot_uniform,0.0001,0.7,True,70,30,0.001,31.89966694513957
380,8.60157839457194,0.0296377747486463,8.553256034851074,0.05312569632432517,sigmoid,32,1000,glorot_uniform,0.0001,0.7,True,130,30,0.0003,32.44836417833964
381,8.620917320251465,0.4601566490605082,8.563362916310629,0.5834136622571545,tanh,64,1000,glorot_uniform,0.0001,0.7,True,70,30,0.001,18.519662300745647
382,8.644997278849283,0.5034745808247266,8.268065293629965,0.3684346930703923,sigmoid,128,1000,glorot_uniform,0.001,1,True,70,30,0.001,13.032129764556885
383,8.658047358194986,0.14291303147393325,8.673897425333658,0.11957668563437975,sigmoid,32,1000,glorot_uniform,0.0001,0.7,True,130,30,0.001,32.758673985799156
384,8.677376429239908,0.0927958839339726,8.669639269510904,0.14666733455415334,sigmoid,32,1000,glorot_uniform,0.0001,0.7,True,130,30,0.0001,33.11839167277018
385,8.720867474873861,0.054228880782475654,8.69873332977295,0.10496984615661349,sigmoid,128,1000,glorot_uniform,0.0001,0.9,True,70,30,0.0001,12.147099494934082
386,8.763595898946127,0.0760890320161409,8.742973963419596,0.1168986813104508,sigmoid,128,1000,glorot_uniform,0.0001,0.9,True,70,30,1e-05,12.815049807230631
387,8.82567024230957,0.08075514467931336,8.806050618489584,0.01442337778804148,sigmoid,128,1000,glorot_uniform,0.0001,0.9,True,70,30,0.001,11.780503114064535
388,8.832586765289307,0.8045064839464817,8.340389569600424,0.9118555175218177,sigmoid,64,1000,glorot_uniform,0.001,1,True,130,30,0.001,20.546624581019085
389,8.867520014444986,0.12189549562625857,8.442606608072916,0.1698738328886849,sigmoid,128,1000,glorot_uniform,0.01,1,True,130,30,0.001,14.252374649047852
390,8.924821217854818,0.09886051174944716,8.908330599466959,0.054957687895446215,sigmoid,128,1000,glorot_uniform,0.0001,0.9,True,70,30,0.0003,11.880436182022095
391,8.929903666178385,0.05094491679474361,8.84744675954183,0.25505714270538743,tanh,64,1000,glorot_uniform,0.0001,0.7,True,70,30,0.0003,18.080968221028645
392,8.990166028340658,1.9534949130058568,8.754089832305908,2.056191907662188,tanh,32,1000,glorot_uniform,0.0001,1,True,130,30,0.0003,35.006747325261436
393,9.025685628255209,0.44570683757756924,8.115631898244223,0.5369683649802056,sigmoid,64,1000,glorot_uniform,0.001,1,True,130,30,0.0001,20.153905232747395
394,9.203486442565918,0.14790590451440444,9.184178352355957,0.1996936281120118,sigmoid,64,1000,glorot_uniform,0.0001,0.8,True,70,30,0.0003,18.177274703979492
395,9.272793769836426,0.4506884450494395,9.288121223449707,0.4624144666816182,sigmoid,64,1000,glorot_uniform,0.0001,0.8,True,70,30,0.0001,17.720779180526733
396,9.6495148340861,0.7379263230665799,9.619827588399252,0.7164194282053212,sigmoid,128,1000,glorot_uniform,0.0001,0.9,True,130,30,0.0001,13.882085959116617
397,9.76272455851237,0.11674963724936914,9.747549057006836,0.09351006335651561,sigmoid,64,1000,glorot_uniform,0.0001,0.8,True,70,30,1e-05,19.078479131062824
398,9.801298141479492,0.6359120260744071,9.10335604349772,0.7018787233888703,sigmoid,64,1000,glorot_uniform,0.001,1,True,130,30,0.0003,19.258143027623493
399,9.868438402811686,0.18623199403390217,9.881190299987793,0.19989632197600785,sigmoid,128,1000,glorot_uniform,0.0001,0.9,True,130,30,0.001,12.742198626200357
400,10.281178792317709,0.27183860446889385,10.231112162272135,0.25980244602172053,tanh,128,1000,glorot_uniform,0.0001,0.8,True,130,30,0.0003,11.88887389500936
401,10.296075820922852,0.5344325623078826,10.261613845825195,0.5000821976547739,sigmoid,64,1000,glorot_uniform,0.0001,0.8,True,70,30,0.001,18.368875741958618
402,10.578488985697428,0.05767984290394031,10.526165326436361,0.2297531030072328,tanh,128,1000,glorot_uniform,0.0001,0.8,True,130,30,0.001,11.78518009185791
403,10.630905469258627,0.6058996336875602,10.552042643229166,0.5206733204773443,tanh,128,1000,glorot_uniform,0.0001,0.8,True,130,30,1e-05,11.847509225209555
404,10.813059171040853,0.3148065431061272,10.757392883300781,0.15194091127090914,tanh,128,1000,glorot_uniform,0.0001,0.8,True,70,30,0.0001,11.358260234196981
405,10.880028565724691,2.5392153924368857,10.223973115285238,2.450457759873362,sigmoid,32,1000,glorot_uniform,0.001,1,True,70,30,1e-05,33.032959381739296
406,10.931192715962728,0.5777759440696939,10.898940722147623,0.7193425728643696,tanh,128,1000,glorot_uniform,0.0001,0.8,True,130,30,0.0001,11.837259769439697
407,10.966659228006998,1.9486159220672017,10.516419410705566,1.8310220198401048,sigmoid,32,1000,glorot_uniform,0.001,1,True,130,30,1e-05,33.12305967013041
408,11.020069122314453,0.46932826289286395,10.962227821350098,0.38093172559716026,sigmoid,128,1000,glorot_uniform,0.0001,0.9,True,130,30,0.0003,12.541874408721924
409,11.050464312235514,0.11698215495783462,11.003342310587565,0.12475145360883767,tanh,128,1000,glorot_uniform,0.0001,0.8,True,70,30,0.001,11.345196406046549
410,11.105568567911783,0.20414926867866637,11.046252568562826,0.20120859362326127,tanh,128,1000,glorot_uniform,0.0001,0.8,True,70,30,1e-05,11.398072957992554
411,11.341864585876465,0.5196332232635748,11.312712033589682,0.43858140819477415,sigmoid,64,1000,glorot_uniform,0.0001,0.8,True,130,30,0.0003,19.02723828951518
412,11.396055221557617,1.782985254293576,11.244167645772299,1.6792565256976804,sigmoid,128,1000,glorot_uniform,0.0001,0.9,True,130,30,1e-05,12.319648822148642
413,11.397913614908854,1.5983741142820402,10.30782699584961,0.990004372453834,sigmoid,64,1000,glorot_uniform,0.001,1,True,70,30,0.0001,18.60107429822286
414,11.550298690795898,0.4147314930575824,11.087672233581543,0.42586741256175853,sigmoid,64,1000,glorot_uniform,0.01,1,True,70,30,0.001,20.25474937756856
415,11.63614559173584,1.9895613686040168,11.07566769917806,1.5519758755826427,tanh,128,1000,glorot_uniform,0.001,1,True,130,30,0.001,11.64505418141683
416,11.69509474436442,0.5847700558043699,11.680959065755209,0.587846649802911,tanh,128,1000,glorot_uniform,0.0001,0.8,True,70,30,0.0003,11.16440200805664
417,11.771827697753906,3.404828557880523,11.638965924580893,3.6486954746530613,sigmoid,128,1000,glorot_uniform,0.01,1,True,70,30,0.0001,14.006646792093912
418,12.448572158813477,0.2805095043028929,12.42700481414795,0.22472862732552762,sigmoid,64,1000,glorot_uniform,0.0001,0.8,True,130,30,0.0001,18.723037401835125
419,12.474616686503092,0.7169201459067942,11.951798439025879,0.6785891136695668,sigmoid,64,1000,glorot_uniform,0.0001,1,True,130,30,0.001,21.799201726913452
420,12.484795570373535,0.7466303489313796,12.438204765319824,0.5542090076810736,sigmoid,64,1000,glorot_uniform,0.0001,0.8,True,130,30,1e-05,18.474044879277546
421,12.556032498677572,1.2992077121350831,12.191680590311686,1.1109172220979786,sigmoid,32,1000,glorot_uniform,0.001,1,True,70,30,0.0001,31.82890748977661
422,12.862359046936035,2.8445051089003908,12.385355949401855,2.871480534045294,tanh,64,1000,glorot_uniform,0.0001,1,True,130,30,0.001,18.563868363698322
423,12.999136924743652,1.008470881706512,12.607693354288736,0.7702086266785909,sigmoid,32,1000,glorot_uniform,0.001,1,True,70,30,0.0003,32.482412815093994
424,13.038884162902832,2.3487455890481956,12.953567822774252,2.1250404939705896,sigmoid,64,1000,glorot_uniform,0.0001,0.8,True,130,30,0.001,18.794458150863647
425,13.166929880777994,0.36073484324273714,12.737809816996256,0.4296675347997667,sigmoid,128,1000,glorot_uniform,0.001,1,True,130,30,0.0003,13.966731945673624
426,13.530627250671387,1.7273244305435707,13.502387682596842,1.4465108491327763,tanh,32,1000,glorot_uniform,0.0001,1,True,130,30,0.0001,35.73043346405029
427,13.86415990193685,4.29431781877676,13.851111888885498,4.244761096854402,tanh,128,1000,glorot_uniform,0.001,1,True,130,30,0.0001,12.196441968282064
428,14.166629473368326,1.842297618408474,13.010671615600586,2.1293176078164673,tanh,64,1000,glorot_uniform,0.0001,1,True,70,30,0.0003,18.75350483258565
429,14.321323076883951,1.2217001930849596,13.827868143717447,1.304028350712856,sigmoid,128,1000,glorot_uniform,0.001,1,True,70,30,0.0003,13.557401180267334
430,14.640348434448242,0.406186382378847,14.026429494222006,0.3678907980205324,sigmoid,32,1000,glorot_uniform,0.001,1,True,130,30,0.0003,33.216835498809814
431,14.992482503255209,0.8253113894697015,14.558154106140137,0.7455152775238851,sigmoid,64,1000,glorot_uniform,0.0001,1,True,70,30,0.001,21.596288283665974
432,15.134651184082031,0.21033281992344727,15.13984489440918,0.40448371471653555,sigmoid,64,1000,glorot_uniform,0.0001,0.7,True,70,30,0.0001,17.869553963343304
433,15.234980583190918,1.995123111414074,14.956131935119629,2.19882715373865,tanh,32,1000,glorot_uniform,0.0001,1,True,70,30,0.0001,34.79254659016927
434,15.363842010498047,0.5084364606377125,14.764211654663086,0.5294506572342251,sigmoid,32,1000,glorot_uniform,0.0001,1,True,130,30,0.001,32.254639625549316
435,15.388060887654623,0.6778039729647991,15.366261800130209,0.38232249613741826,sigmoid,64,1000,glorot_uniform,0.0001,0.7,True,70,30,1e-05,18.010669310887653
436,15.498677571614584,0.8011157104488158,15.474249521891275,0.5682638931945504,sigmoid,64,1000,glorot_uniform,0.0001,0.7,True,70,30,0.0003,17.989209095637005
437,15.631141344706217,1.1779081260145823,15.591720581054688,0.9006425240638716,sigmoid,64,1000,glorot_uniform,0.0001,0.7,True,70,30,0.001,18.730636994043987
438,15.847150484720865,1.5248792351141538,15.549230575561523,1.8410765982966912,tanh,128,1000,glorot_uniform,0.001,1,True,70,30,0.0001,11.463177680969238
439,15.86014207204183,1.4827201808264965,15.399037996927897,1.5950231685953384,sigmoid,32,1000,glorot_uniform,0.0001,1,True,70,30,0.001,32.22497034072876
440,16.260215759277344,1.322783005533387,15.962649663289389,1.4725960147735335,sigmoid,64,1000,glorot_uniform,0.01,1,True,70,30,0.0001,21.197015444437664
441,16.299124717712402,0.6525697210767268,16.297718048095703,0.2937633626424594,sigmoid,128,1000,glorot_uniform,0.0001,0.8,True,70,30,0.0003,12.809854825337728
442,16.45527521769206,0.2777202690281793,16.44252586364746,0.1366179294164485,sigmoid,64,1000,glorot_uniform,0.0001,0.7,True,130,30,1e-05,19.34179377555847
443,16.504382451375324,0.22084461022084056,16.50227165222168,0.17974895257717857,sigmoid,64,1000,glorot_uniform,0.0001,0.7,True,130,30,0.0003,21.69782479604085
444,16.514322916666668,0.2997261721755765,16.50832398732503,0.3910691202914267,sigmoid,128,1000,glorot_uniform,0.0001,0.8,True,70,30,0.001,13.244722445805868
445,16.63187599182129,0.20461132497555157,16.63060124715169,0.21413321053344964,sigmoid,64,1000,glorot_uniform,0.0001,0.7,True,130,30,0.0001,22.263158082962036
446,16.64448420206706,0.3047837170494411,16.633546193440754,0.15314869551503413,sigmoid,64,1000,glorot_uniform,0.0001,0.7,True,130,30,0.001,22.72309748331706
447,16.739713668823242,0.10424442638831831,16.734771092732746,0.4868694385678004,sigmoid,128,1000,glorot_uniform,0.0001,0.8,True,70,30,1e-05,11.931265036265055
448,16.784822463989258,0.16526219450549215,16.779266357421875,0.4358719419606796,sigmoid,128,1000,glorot_uniform,0.0001,0.8,True,70,30,0.0001,13.339962323506674
449,16.827269236246746,0.22393597064022386,16.818511962890625,0.11112189625179252,sigmoid,128,1000,glorot_uniform,0.01,1,True,130,30,1e-05,15.442235867182413
450,16.832186381022137,0.20385408381108883,16.824496587117512,0.10165992847828319,sigmoid,128,1000,glorot_uniform,0.01,1,True,70,30,1e-05,12.708287477493286
451,16.8554531733195,5.771832006456407,15.786922454833984,4.998424257017426,tanh,64,1000,glorot_uniform,0.0001,1,True,70,30,0.001,18.785454432169598
452,16.87909762064616,0.40555696817564585,16.871432622273762,0.039125269892947956,sigmoid,128,1000,glorot_uniform,0.0001,0.8,True,130,30,0.0001,12.043392896652222
453,16.995129267374676,0.3281925817669225,16.960590362548828,0.09940132920780059,sigmoid,128,1000,glorot_uniform,0.001,1,True,130,30,0.0001,14.44264022509257
454,17.0164311726888,0.21896966693997774,16.916781743367512,0.13234712594012976,sigmoid,128,1000,glorot_uniform,0.001,1,True,70,30,0.0001,12.586658477783203
455,17.13263702392578,0.2889193732752179,17.118070602416992,0.2527088994716176,sigmoid,128,1000,glorot_uniform,0.0001,0.8,True,130,30,1e-05,12.181843996047974
456,17.13354555765788,0.12411643518142401,17.126557032267254,0.34818680558471704,sigmoid,128,1000,glorot_uniform,0.0001,0.8,True,130,30,0.001,12.451370795567831
457,17.141665776570637,0.2194032652870733,17.13952573140462,0.259938813630095,sigmoid,128,1000,glorot_uniform,0.0001,0.8,True,130,30,0.0003,12.451279481252035
458,17.310024897257488,4.883834381500838,17.031635602315266,4.970188626107732,tanh,64,1000,glorot_uniform,0.001,1,True,130,30,0.0003,19.03318254152934
459,17.597228050231934,13.5424268035698,16.76038948694865,12.759821246486851,tanh,128,1000,glorot_uniform,0.001,1,True,70,30,0.001,11.27215313911438
460,18.196563402811687,2.1729428751533315,18.036715507507324,2.1221716275389957,tanh,128,1000,glorot_uniform,0.001,1,True,70,30,1e-05,11.397705475489298
461,18.295935948689777,1.4978597161138798,18.37774721781413,1.5589892641838055,tanh,64,1000,glorot_uniform,0.0001,1,True,130,30,1e-05,17.89564387003581
462,18.945528666178387,2.8763953472101043,18.910192489624023,2.7577975991929775,sigmoid,64,1000,glorot_uniform,0.0001,1,True,130,30,0.0003,22.11070195833842
463,19.24534034729004,1.1178883783966167,19.227325439453125,1.1050332821888509,tanh,128,1000,glorot_uniform,0.0001,0.7,True,130,30,1e-05,11.419262011845907
464,19.246796290079754,0.43464403197273205,19.24100685119629,0.2929360476924789,tanh,128,1000,glorot_uniform,0.0001,0.7,True,130,30,0.001,12.922577699025473
465,19.252421696980793,1.8044603688230445,19.24516423543294,2.0631454749108813,tanh,128,1000,glorot_uniform,0.0001,1,True,70,30,1e-05,11.28919776280721
466,19.405885060628254,0.4674054566362277,19.403491973876953,0.35188425432527876,tanh,128,1000,glorot_uniform,0.0001,0.7,True,130,30,0.0003,12.245370467503866
467,19.75493812561035,2.814247164420538,19.71956507364909,2.929889341222162,tanh,128,1000,glorot_uniform,0.0001,1,True,70,30,0.001,11.74621868133545
468,19.76570701599121,0.49266693151266,19.791768391927082,0.4658487556088684,tanh,128,1000,glorot_uniform,0.0001,0.7,True,130,30,0.0001,11.534569183985392
469,19.77980613708496,2.376937139938832,19.42141342163086,2.1939512978618008,sigmoid,32,1000,glorot_uniform,0.001,1,True,130,30,0.0001,33.86254620552063
470,19.92392698923747,3.57185077898429,19.917889912923176,3.600308137687833,tanh,64,1000,glorot_uniform,0.0001,1,True,70,30,1e-05,18.06082248687744
471,20.40066146850586,4.336281477313843,20.138546625773113,4.3045680377648345,sigmoid,64,1000,glorot_uniform,0.01,1,True,130,30,0.001,20.967373768488567
472,20.414527257283527,0.6948937796571957,20.409770329793293,0.7723929026438843,sigmoid,128,1000,glorot_uniform,0.0001,0.7,True,70,30,0.0003,12.706795612970987
473,20.41937764485677,3.088786464933044,20.530932744344074,3.1318896784354404,tanh,64,1000,glorot_uniform,0.0001,1,True,130,30,0.0003,19.372141281763714
474,20.42105484008789,0.4707064438535486,20.411936442057293,0.5561140271670373,sigmoid,128,1000,glorot_uniform,0.0001,0.7,True,130,30,0.0003,13.88235362370809
475,20.424401601155598,0.8419491205865159,20.445903142293293,0.5759974348170187,sigmoid,128,1000,glorot_uniform,0.0001,0.7,True,130,30,0.0001,13.688742876052856
476,20.425902048746746,0.2730672301315851,20.413418451944988,0.4825748278543377,sigmoid,128,1000,glorot_uniform,0.0001,0.7,True,130,30,0.001,14.084115743637085
477,20.431385676066082,9.692445492925664,20.17918809254964,9.821447348852423,sigmoid,64,1000,glorot_uniform,0.01,1,True,70,30,0.0003,21.58623743057251
478,20.86200714111328,0.7191147342328488,20.842034022013348,0.9326389985106195,sigmoid,128,1000,glorot_uniform,0.0001,0.7,True,70,30,1e-05,11.327661752700806
479,21.086445808410645,3.8818846653057424,21.131594975789387,4.0395301701862145,tanh,128,1000,glorot_uniform,0.001,1,True,130,30,1e-05,12.13234249750773
480,21.245751063028973,2.75786211663022,21.22357432047526,2.614870072631659,tanh,128,1000,glorot_uniform,0.0001,0.7,True,70,30,1e-05,11.27492872873942
481,21.403971989949543,1.7411953003411715,21.411170323689777,1.5907018152346624,tanh,128,1000,glorot_uniform,0.0001,0.7,True,70,30,0.001,11.858112255732218
482,21.542802174886067,1.723913612093452,21.590423583984375,1.4870203612502497,sigmoid,128,1000,glorot_uniform,0.0001,0.7,True,70,30,0.001,13.860963424046835
483,21.682448705037434,1.2280356768552771,21.661481857299805,1.2527526790280414,tanh,128,1000,glorot_uniform,0.0001,0.7,True,70,30,0.0003,11.380702495574951
484,21.71072260538737,0.782902539245178,21.71691068013509,0.9522887344143942,tanh,128,1000,glorot_uniform,0.0001,0.7,True,70,30,0.0001,11.055712461471558
485,21.761918385823567,2.3366748466453737,21.636436462402344,2.2401394802667114,tanh,32,1000,glorot_uniform,0.0001,1,True,130,30,1e-05,35.481542110443115
486,21.77007548014323,5.8290534521434685,21.6415859858195,6.052356109648656,tanh,128,1000,glorot_uniform,0.0001,1,True,130,30,0.001,11.597700357437134
487,21.804476420084637,0.7813134745680729,21.79225031534831,0.9409252227616196,sigmoid,128,1000,glorot_uniform,0.0001,0.7,True,130,30,1e-05,13.5732634862264
488,21.97132968902588,5.813651288780961,22.12475649515788,6.01693971440127,tanh,32,1000,glorot_uniform,0.001,1,True,130,30,1e-05,35.430696407953896
489,22.036073684692383,1.7985996031722444,22.085506439208984,1.7929485918647325,sigmoid,128,1000,glorot_uniform,0.0001,0.7,True,70,30,0.0001,13.010363260904947
490,22.285811106363933,0.5628059592734141,22.304718017578125,0.25640483658887303,sigmoid,128,1000,glorot_uniform,0.001,1,True,130,30,1e-05,13.440196752548218
491,23.056396166483562,8.409838983920903,22.665802001953125,8.130822938589075,sigmoid,128,1000,glorot_uniform,0.01,1,True,70,30,0.0003,13.766335010528564
492,23.366348266601562,1.257536839174615,23.253393173217773,1.3565019056730558,sigmoid,64,1000,glorot_uniform,0.0001,1,True,70,30,0.0003,22.250571648279827
493,23.688322067260742,0.9341753828287934,23.694231033325195,0.916809850194501,sigmoid,32,1000,glorot_uniform,0.0001,1,True,130,30,1e-05,33.680603424708046
494,24.39320246378581,1.5379755432395015,24.347368876139324,1.2597573795765458,sigmoid,128,1000,glorot_uniform,0.001,1,True,70,30,1e-05,13.36338480313619
495,24.60757827758789,3.4656748624958666,24.553782780965168,3.422902165191937,tanh,128,1000,glorot_uniform,0.0001,1,True,130,30,1e-05,11.981133302052816
496,24.848829587300617,11.886592312204744,24.487980206807453,11.333197465916022,tanh,32,1000,glorot_uniform,0.0001,1,True,70,30,0.001,34.73372252782186
497,24.934580485026043,1.53423123449344,24.895415623982746,1.2349023239390031,sigmoid,64,1000,glorot_uniform,0.001,1,True,130,30,1e-05,20.095417976379395
498,25.404685338338215,8.809617191815509,25.29833698272705,9.018058302104972,sigmoid,32,1000,glorot_uniform,0.001,1,True,70,30,0.001,32.721980253855385
499,25.40599822998047,0.8162342875434547,25.497704823811848,0.8250819052868185,sigmoid,64,1000,glorot_uniform,0.0001,1,True,130,30,1e-05,22.33889603614807
500,25.456053415934246,3.382815299919549,25.398693084716797,3.5287362894771754,sigmoid,64,1000,glorot_uniform,0.0001,1,True,70,30,1e-05,22.001482884089153
501,25.895437876383465,0.26624914075470263,25.886227289835613,0.40135467715882306,sigmoid,64,1000,glorot_uniform,0.001,1,True,70,30,1e-05,17.983009656270344
502,26.18700917561849,24.91676755395373,26.023171106974285,24.740893367382217,tanh,32,1000,glorot_uniform,0.0001,1,True,70,30,0.0003,34.95743282636007
503,26.615665435791016,4.078516999729662,26.591798782348633,4.213695618800936,tanh,64,1000,glorot_uniform,0.0001,1,True,130,30,0.0001,18.255924622217815
504,26.950852394104004,7.935400158118334,26.965758005777996,8.078146679643869,sigmoid,128,1000,glorot_uniform,0.0001,1,True,130,30,0.001,13.388826052347818
505,27.017136255900066,7.078011487292929,25.989444732666016,6.27408692461936,tanh,64,1000,glorot_uniform,0.001,1,True,70,30,1e-05,17.472062985102337
506,27.1549555460612,1.3111221708384715,27.334577560424805,1.5862093990053876,tanh,128,1000,glorot_uniform,0.0001,1,True,130,30,0.0001,12.049671570460001
507,27.97930653889974,3.3612132461879485,27.826353708902996,3.275019888197662,sigmoid,128,1000,glorot_uniform,0.0001,1,True,130,30,1e-05,14.045271555582682
508,28.232961018880207,0.8659034175971894,28.153239568074543,0.9695211422492424,sigmoid,32,1000,glorot_uniform,0.0001,1,True,70,30,1e-05,32.37762133280436
509,28.67544428507487,4.045615363010345,28.15853754679362,3.9244787921991664,tanh,32,1000,glorot_uniform,0.0001,1,True,70,30,1e-05,35.183835903803505
510,29.01881281534831,4.7860892567428435,29.075151443481445,4.729863993742598,tanh,128,1000,glorot_uniform,0.0001,1,True,70,30,0.0003,11.408215045928955
511,29.58612314860026,7.211359807262109,29.1081968943278,6.4380794426306105,tanh,64,1000,glorot_uniform,0.0001,1,True,70,30,0.0001,17.076775153477985
512,30.29384962717692,12.106563517633049,29.89862569173177,12.403262882781188,sigmoid,128,1000,glorot_uniform,0.01,1,True,130,30,0.0001,14.081433296203613
513,30.636345545450848,3.6301178910571528,30.682870864868164,3.6800428924571325,sigmoid,64,1000,glorot_uniform,0.0001,1,True,70,30,0.0001,21.283283472061157
514,30.762561162312824,6.24065519758802,30.88137690226237,6.299837017043768,sigmoid,128,1000,glorot_uniform,0.0001,1,True,70,30,1e-05,13.610563039779663
515,30.862119674682617,2.803730411841331,30.867677688598633,2.9700076402574775,sigmoid,128,1000,glorot_uniform,0.0001,1,True,70,30,0.001,13.572155316670736
516,31.124249776204426,1.1299931513061519,31.25305430094401,0.9859339507589157,sigmoid,128,1000,glorot_uniform,0.0001,1,True,70,30,0.0003,13.480974515279135
517,31.33803431193034,3.060610067906364,31.30385144551595,2.928158158047277,tanh,128,1000,glorot_uniform,0.0001,1,True,70,30,0.0001,11.743263641993204
518,32.054521560668945,6.517856999135254,32.29585965474447,6.368856904964068,sigmoid,128,1000,glorot_uniform,0.0001,1,True,130,30,0.0001,13.830763816833496
519,32.34800148010254,5.530520225416658,32.40916379292806,5.574693279074086,sigmoid,128,1000,glorot_uniform,0.0001,1,True,70,30,0.0001,13.75381326675415
520,32.5966682434082,1.4587090117945107,32.414496739705406,1.866175652914217,tanh,128,1000,glorot_uniform,0.0001,1,True,130,30,0.0003,12.05937401453654
521,35.07341448465983,10.121355037506135,35.22475624084473,10.24010906830939,tanh,64,1000,glorot_uniform,0.001,1,True,130,30,0.001,18.870872259140015
522,35.376111348470054,1.0171340556876722,35.36163838704427,1.0572689845743664,sigmoid,64,1000,glorot_uniform,0.0001,1,True,130,30,0.0001,22.697546164194744
523,37.47381464640299,23.578281056314818,37.210849126180015,23.49092166565522,tanh,64,1000,glorot_uniform,0.001,1,True,130,30,1e-05,18.39637263615926
524,37.79223950703939,12.3017196879545,37.888950983683266,12.405305755339857,sigmoid,64,1000,glorot_uniform,0.01,1,True,130,30,0.0003,20.305960337320965
525,41.09198474884033,27.838243536869246,40.838765462239586,28.12436335603771,sigmoid,32,1000,glorot_uniform,0.001,1,True,130,30,0.001,32.471790393193565
526,41.22512626647949,11.419927775309846,40.77129936218262,11.754035985466555,tanh,128,1000,glorot_uniform,0.01,1,True,130,30,0.0001,12.072537740071615
527,42.02633794148763,4.779008888388519,42.044227600097656,4.959312617034359,sigmoid,128,1000,glorot_uniform,0.0001,1,True,130,30,0.0003,13.995123783747355
528,44.25419998168945,14.23225550577985,44.27527364095052,14.306191830058498,tanh,32,1000,glorot_uniform,0.001,1,True,70,30,0.001,33.13838585217794
529,44.80199178059896,4.706616247648679,44.405251820882164,4.812335821391596,sigmoid,32,1000,glorot_uniform,0.01,1,True,70,30,0.0001,35.47295729319254
530,52.380882263183594,3.0708479828438566,52.021827697753906,3.1445655753192776,sigmoid,32,1000,glorot_uniform,0.01,1,True,130,30,0.0003,44.75892265637716
531,52.4843381245931,25.75642470621582,52.68973159790039,25.628062819904308,tanh,32,1000,glorot_uniform,0.001,1,True,70,30,0.0003,31.93357475598653
532,55.19717343648275,29.826804838006492,54.69949849446615,29.799198519152537,tanh,128,1000,glorot_uniform,0.001,1,True,70,30,0.0003,11.046994288762411
533,63.774645487467446,21.988842734511664,63.3517100016276,22.317202823802802,sigmoid,32,1000,glorot_uniform,0.01,1,True,70,30,0.0003,36.39664570490519
534,65.20736694335938,32.3024842340935,65.04194577534993,32.376252187767534,tanh,32,1000,glorot_uniform,0.001,1,True,70,30,0.0001,33.193403800328575
535,80.87009302775066,39.93482295278008,80.9421869913737,39.91724456797299,tanh,128,1000,glorot_uniform,0.01,1,True,70,30,0.0001,11.286445697148642
536,83.10240300496419,53.90306252862396,82.789124806722,54.28265203938005,sigmoid,128,1000,glorot_uniform,0.01,1,True,130,30,0.0003,13.794383923212687
537,87.62763595581055,38.18363829752171,87.65835189819336,38.283617505717466,sigmoid,64,1000,glorot_uniform,0.01,1,True,130,30,0.0001,20.48970667521159
538,93.41925048828125,7.087849554841717,93.0770975748698,7.441213196867786,tanh,128,1000,glorot_uniform,0.001,1,True,130,30,0.0003,11.85572091738383
539,94.62572987874348,79.74283610888286,94.55847549438477,79.73433967664253,sigmoid,64,1000,glorot_uniform,0.01,1,True,70,30,1e-05,20.91614333788554
540,96.14156595865886,14.033580669850025,96.00889587402344,14.329639222945726,tanh,32,1000,glorot_uniform,0.001,1,True,130,30,0.0003,35.20104996363322
541,101.70915985107422,19.023556961409078,100.18867746988933,18.716321286101422,sigmoid,32,1000,glorot_uniform,0.01,1,True,70,30,1e-05,37.126728773117065
542,107.00794378916423,125.77509140158755,106.81781991322835,125.77603217050026,tanh,64,1000,glorot_uniform,0.001,1,True,70,30,0.001,18.40980402628581
543,136.9010747273763,146.96261154096445,136.89184188842773,146.6878877173651,sigmoid,32,1000,glorot_uniform,0.01,1,True,130,30,0.001,38.418634255727135
544,137.1029535929362,170.28980278399473,137.67044385274252,170.80517459836992,tanh,128,1000,glorot_uniform,0.01,1,True,70,30,1e-05,11.180545330047607
545,147.6933422088623,179.56839360951858,147.52910296122232,180.1386611407777,tanh,32,1000,glorot_uniform,0.0001,1,True,130,30,0.001,34.00194454193115
546,157.9787508646647,187.2179848673721,157.82448641459146,186.7235422800165,tanh,32,1000,glorot_uniform,0.001,1,True,70,30,1e-05,32.79568322499593
547,196.20395533243814,237.47520767432883,196.22004381815592,237.66499650855047,sigmoid,32,1000,glorot_uniform,0.01,1,True,70,30,0.001,37.02890634536743
548,224.70193163553873,222.17799260470503,224.80682055155435,222.8147384831341,tanh,128,1000,glorot_uniform,0.01,1,True,130,30,1e-05,11.84011705716451
549,303.2245915730794,314.9179025146601,303.2352485656738,315.00224293869957,tanh,64,1000,glorot_uniform,0.001,1,True,130,30,0.0001,18.742114543914795
550,303.945499420166,259.4841010990754,303.87056223551434,259.1733447233584,tanh,32,1000,glorot_uniform,0.001,1,True,130,30,0.001,33.83248130480448
551,315.4845377604167,300.4791264180355,315.48121134440106,300.4400284273094,sigmoid,64,1000,glorot_uniform,0.01,1,True,130,30,1e-05,20.68993679682414
552,690.8505477905273,879.7482631758711,690.5677591959635,880.0160066532255,tanh,128,1000,glorot_uniform,0.01,1,True,70,30,0.0003,11.382674058278402
553,713.1244007746378,976.664803881162,712.0891348520914,975.2945301837229,tanh,64,1000,glorot_uniform,0.001,1,True,70,30,0.0003,18.117306232452393
554,1198.6134643554688,1221.854380648254,1198.6795145670574,1222.167585579834,tanh,64,1000,glorot_uniform,0.01,1,True,70,30,0.0003,18.141865571339924
555,1261.7221330006917,1572.911062124903,1261.7606461842854,1573.4266714561181,tanh,64,1000,glorot_uniform,0.001,1,True,70,30,0.0001,17.59944526354472
556,1867.420659383138,1685.5563972224177,1867.7926177978516,1685.357418592772,sigmoid,32,1000,glorot_uniform,0.01,1,True,130,30,0.0001,39.963098764419556
557,2595.593922932943,3356.5522274377126,2595.4576822916665,3356.6698685112956,tanh,32,1000,glorot_uniform,0.001,1,True,130,30,0.0001,34.448321183522545
558,3987.0096638997397,2712.8424572406284,3987.0583292643228,2712.54159469481,tanh,64,1000,glorot_uniform,0.01,1,True,70,30,1e-05,17.82625460624695
559,10016.09765625,882.7985640021241,10016.094401041666,883.1065733395644,sigmoid,32,1000,glorot_uniform,0.01,1,True,130,30,1e-05,48.275436560312905
560,14559.969000498453,19216.805572119403,14559.792896270752,19217.053596594982,tanh,128,1000,glorot_uniform,0.01,1,True,130,30,0.001,11.773546695709229
561,17335.0206451416,15017.788456048842,17335.00447845459,15017.951606962664,tanh,64,1000,glorot_uniform,0.01,1,True,130,30,1e-05,18.41510232289632
562,75885.76280212402,99698.58993554322,75885.55529530843,99698.61299108225,tanh,128,1000,glorot_uniform,0.01,1,True,70,30,0.001,11.414984226226807
563,230827.01611073813,326390.7119312841,230826.9278570811,326390.8185257431,tanh,128,1000,glorot_uniform,0.01,1,True,130,30,0.0003,11.89650829633077
564,544213.5498046875,669249.9463862972,544219.8610026041,669258.8875099943,tanh,64,1000,glorot_uniform,0.01,1,True,70,30,0.0001,17.724708636601765
565,2209946.48828125,2916805.678014331,2209946.4166666665,2916805.736328917,tanh,32,1000,glorot_uniform,0.01,1,True,130,30,1e-05,32.889996925989784
566,6507409.45703125,4601634.6120099425,6507409.16796875,4601634.368203686,tanh,64,1000,glorot_uniform,0.01,1,True,130,30,0.0001,18.609495480855305
567,9940401.608398438,7507993.244287773,9940402.278727213,7507993.968261587,tanh,64,1000,glorot_uniform,0.01,1,True,130,30,0.0003,18.806227842966717
568,10278530.958333334,7583076.407192411,10278530.677083334,7583075.6485780785,tanh,32,1000,glorot_uniform,0.01,1,True,70,30,0.0003,32.525420347849526
569,11484750.286458334,15748625.082543096,11484747.815104166,15748621.17548564,tanh,32,1000,glorot_uniform,0.01,1,True,70,30,1e-05,31.988754272460938
570,15315723.44796753,21648940.811656885,15315727.153004965,21648946.677078106,tanh,32,1000,glorot_uniform,0.01,1,True,70,30,0.001,32.5050257841746
571,18571892.291666668,16516920.385290451,18571893.25,16516922.313170144,tanh,32,1000,glorot_uniform,0.01,1,True,130,30,0.001,33.666954358418785
572,51086350.76269531,72232237.51190667,51086350.54402161,72232237.66654828,tanh,64,1000,glorot_uniform,0.01,1,True,70,30,0.001,18.421092828114826
573,88341291.2298991,111411908.68204015,88341308.00602214,111411930.75289905,tanh,64,1000,glorot_uniform,0.01,1,True,130,30,0.001,18.284472703933716
574,95099181.41666667,119297446.18136916,95099190.58333333,119297462.2120523,tanh,32,1000,glorot_uniform,0.01,1,True,130,30,0.0001,32.96330642700195
575,164954362.0,227073082.60356674,164954330.0,227073037.35386154,tanh,32,1000,glorot_uniform,0.01,1,True,70,30,0.0001,31.592615922292072
576,335955897.0,279944174.7007354,335955961.1666667,279944226.6702751,tanh,32,1000,glorot_uniform,0.01,1,True,130,30,0.0003,33.603103478749595
