#Units1,batch_size,activation,lr,max_epochs,optimizer,weight_decay,momentum,nesterov,mean_train_score,mean_val_score,std_train_score,mean_fit_time,std_fit_time,rank_val_score
50,64,<built-in method sigmoid of type object at 0x7fd97539d780>,0.006,1000,<class 'torch.optim.sgd.SGD'>,0.0006,0.9,True,2.5185638268788657,2.8971661726633706,0.0514133992920439,55.52543981870016,14.454862412301269,1
75,64,<built-in method sigmoid of type object at 0x7fd97539d780>,0.01,1000,<class 'torch.optim.sgd.SGD'>,0.0001,0.8,True,2.5521092414855957,2.906146844228109,0.05961540165634135,54.73861702283224,9.972375092828155,2
75,64,<built-in method sigmoid of type object at 0x7fd97539d780>,0.01,1000,<class 'torch.optim.sgd.SGD'>,0.0003,0.8,True,2.577484051386515,2.9093802769978843,0.055410317981022215,50.80479454994202,16.24890904410014,3
50,64,<built-in method sigmoid of type object at 0x7fd97539d780>,0.01,1000,<class 'torch.optim.sgd.SGD'>,0.0003,0.9,True,2.475766897201538,2.9104506174723306,0.05737873036104124,27.281302372614544,12.19697734057042,4
50,64,<built-in method sigmoid of type object at 0x7fd97539d780>,0.006,1000,<class 'torch.optim.sgd.SGD'>,0.0003,0.9,True,2.5035322507222495,2.910923957824707,0.0964062908529194,48.00303888320923,15.463717137624329,5
75,64,<built-in method sigmoid of type object at 0x7fd97539d780>,0.006,1000,<class 'torch.optim.sgd.SGD'>,1e-05,0.9,True,2.5468719005584717,2.9139772256215415,0.12297978008472614,40.03477247556051,19.7200866803494,6
100,64,<built-in method sigmoid of type object at 0x7fd97539d780>,0.01,1000,<class 'torch.optim.sgd.SGD'>,0.0001,0.8,True,2.5586591561635337,2.916009505589803,0.05745718906598458,52.57104992866516,16.05309306891057,7
100,64,<built-in method sigmoid of type object at 0x7fd97539d780>,0.006,1000,<class 'torch.optim.sgd.SGD'>,0.0001,0.9,True,2.5159969329833984,2.917110045750936,0.07422278854672527,50.140724658966064,10.168286316928764,8
50,64,<built-in method sigmoid of type object at 0x7fd97539d780>,0.006,1000,<class 'torch.optim.sgd.SGD'>,1e-05,0.9,True,2.526638984680176,2.921485424041748,0.05729181239939241,37.110491355260216,10.528239367657614,9
100,64,<built-in method sigmoid of type object at 0x7fd97539d780>,0.01,1000,<class 'torch.optim.sgd.SGD'>,1e-05,0.9,True,2.4451414744059243,2.921801487604777,0.07366393115334927,28.4505987962087,8.02268298981738,10
50,64,<built-in method sigmoid of type object at 0x7fd97539d780>,0.03,1000,<class 'torch.optim.sgd.SGD'>,0.0001,0.8,True,2.489452362060547,2.9219587643941245,0.08223280266383062,17.007607142130535,5.407981490581614,11
50,64,<built-in method sigmoid of type object at 0x7fd97539d780>,0.01,1000,<class 'torch.optim.sgd.SGD'>,0.0006,0.9,True,2.54050620396932,2.922482490539551,0.061213136862101586,20.71639847755432,5.731871530913736,12
100,64,<built-in method sigmoid of type object at 0x7fd97539d780>,0.01,1000,<class 'torch.optim.sgd.SGD'>,1e-05,0.8,True,2.5675315856933594,2.9242409070332847,0.07633736181688372,49.95910906791687,16.2359375146088,13
75,64,<built-in method sigmoid of type object at 0x7fd97539d780>,0.006,1000,<class 'torch.optim.sgd.SGD'>,0.0003,0.9,True,2.547780195871989,2.9247039953867593,0.05237068888781045,44.2313867410024,10.669071150875059,14
100,64,<built-in method sigmoid of type object at 0x7fd97539d780>,0.01,1000,<class 'torch.optim.sgd.SGD'>,0.0003,0.8,True,2.6031672159830728,2.925814390182495,0.06276064161394351,51.38167762756348,17.423386850127418,15
100,64,<built-in method sigmoid of type object at 0x7fd97539d780>,0.01,1000,<class 'torch.optim.sgd.SGD'>,0.0006,0.9,True,2.533663829167684,2.927239179611206,0.11825972746266095,34.9467339515686,20.90682101454501,16
75,64,<built-in method sigmoid of type object at 0x7fd97539d780>,0.01,1000,<class 'torch.optim.sgd.SGD'>,0.0001,0.9,True,2.462415854136149,2.928600788116455,0.054581215151937236,29.112515449523926,9.537848521085298,17
100,64,<built-in method sigmoid of type object at 0x7fd97539d780>,0.006,1000,<class 'torch.optim.sgd.SGD'>,1e-05,0.9,True,2.482957363128662,2.9288432598114014,0.05997798640626715,58.61333727836609,12.984307933639393,18
50,64,<built-in method sigmoid of type object at 0x7fd97539d780>,0.01,1000,<class 'torch.optim.sgd.SGD'>,0.0001,0.8,True,2.5620056788126626,2.9293603897094727,0.11160442356503542,48.58622852961222,10.681025445913603,19
50,64,<built-in method sigmoid of type object at 0x7fd97539d780>,0.03,1000,<class 'torch.optim.sgd.SGD'>,0.0006,0.7,True,2.560581843058268,2.9313366413116455,0.07726744680803288,27.32742977142334,8.111607647262677,20
50,64,<built-in method sigmoid of type object at 0x7fd97539d780>,0.006,1000,<class 'torch.optim.sgd.SGD'>,0.0001,0.9,True,2.507901112238566,2.9319992860158286,0.060010144623521,45.388728539148964,17.522491885086197,21
75,64,<built-in method sigmoid of type object at 0x7fd97539d780>,0.01,1000,<class 'torch.optim.sgd.SGD'>,0.0006,0.9,True,2.53123148282369,2.9324873288472495,0.11966726665414162,32.71676596005758,22.57509366126155,22
50,64,<built-in method sigmoid of type object at 0x7fd97539d780>,0.01,1000,<class 'torch.optim.sgd.SGD'>,0.0003,0.8,True,2.5452822049458823,2.932907978693644,0.07275729584829244,52.25853784879049,15.266372303986815,23
100,64,<built-in method sigmoid of type object at 0x7fd97539d780>,0.006,1000,<class 'torch.optim.sgd.SGD'>,0.0003,0.9,True,2.5413901805877686,2.9339348475138345,0.07170878057772312,48.141295750935875,18.45360572645444,24
75,64,<built-in method sigmoid of type object at 0x7fd97539d780>,0.01,1000,<class 'torch.optim.sgd.SGD'>,0.0003,0.9,True,2.5158265431722007,2.93406875928243,0.061241793845369465,23.9457790851593,6.372267984541161,25
100,64,<built-in method sigmoid of type object at 0x7fd97539d780>,0.006,1000,<class 'torch.optim.sgd.SGD'>,0.0001,0.8,True,2.6721200148264566,2.9343408743540444,0.060479940157657806,64.32405320803325,6.623022637081862,26
75,64,<built-in method sigmoid of type object at 0x7fd97539d780>,0.01,1000,<class 'torch.optim.sgd.SGD'>,0.0001,0.7,True,2.631775697072347,2.9346590836842856,0.06598570304222587,59.564082860946655,5.634488950304522,27
50,64,<built-in method sigmoid of type object at 0x7fd97539d780>,0.01,1000,<class 'torch.optim.sgd.SGD'>,1e-05,0.9,True,2.450563828150431,2.934785763422648,0.11071495540201441,23.51491912206014,9.487856778278188,28
50,64,<built-in method sigmoid of type object at 0x7fd97539d780>,0.03,1000,<class 'torch.optim.sgd.SGD'>,0.0006,0.8,True,2.545841932296753,2.93526824315389,0.0727011631600251,17.76726198196411,4.677946257681514,29
75,64,<built-in method sigmoid of type object at 0x7fd97539d780>,0.006,1000,<class 'torch.optim.sgd.SGD'>,1e-05,0.8,True,2.6421337922414145,2.9355151653289795,0.07577907546538033,66.7231981754303,3.356608854173316,30
75,64,<built-in method sigmoid of type object at 0x7fd97539d780>,0.01,1000,<class 'torch.optim.sgd.SGD'>,1e-05,0.9,True,2.481041510899862,2.9356373945871987,0.13423785055849435,22.953630447387695,10.854830019598653,31
75,64,<built-in method sigmoid of type object at 0x7fd97539d780>,0.006,1000,<class 'torch.optim.sgd.SGD'>,0.0001,0.9,True,2.511469920476278,2.9362491766611734,0.07970371162098806,48.97776277860006,20.04651824209725,32
75,64,<built-in method sigmoid of type object at 0x7fd97539d780>,0.006,1000,<class 'torch.optim.sgd.SGD'>,0.0006,0.9,True,2.552366097768148,2.9364400704701743,0.049330919353269,53.398230155309044,20.815369539133275,33
50,64,<built-in method sigmoid of type object at 0x7fd97539d780>,0.01,1000,<class 'torch.optim.sgd.SGD'>,0.0006,0.8,True,2.5910025437672934,2.9376184940338135,0.059439821385242016,52.23753801981608,15.805300017344019,34
50,64,<built-in method sigmoid of type object at 0x7fd97539d780>,0.03,1000,<class 'torch.optim.sgd.SGD'>,1e-05,0.7,True,2.4956692854563394,2.9381399949391684,0.09999288221984545,28.185070037841797,11.77181091608221,35
75,64,<built-in method sigmoid of type object at 0x7fd97539d780>,0.01,1000,<class 'torch.optim.sgd.SGD'>,0.0006,0.7,True,2.661875565846761,2.938392957051595,0.06948329443606209,59.872201681137085,5.144703640225741,36
100,64,<built-in method sigmoid of type object at 0x7fd97539d780>,0.006,1000,<class 'torch.optim.sgd.SGD'>,0.0006,0.9,True,2.567736784617106,2.9394566218058267,0.06396429898213234,52.01767587661743,21.250347881696435,37
100,64,<built-in method sigmoid of type object at 0x7fd97539d780>,0.01,1000,<class 'torch.optim.sgd.SGD'>,0.0001,0.7,True,2.6516096591949463,2.939920504887899,0.060370759907139145,55.570722023646034,11.813881165276884,38
75,64,<built-in method sigmoid of type object at 0x7fd97539d780>,0.01,1000,<class 'torch.optim.sgd.SGD'>,0.0006,0.8,True,2.61313263575236,2.940993150075277,0.07272893030589775,46.45818511644999,16.65399072931703,39
50,64,<built-in method sigmoid of type object at 0x7fd97539d780>,0.01,1000,<class 'torch.optim.sgd.SGD'>,0.0001,0.9,True,2.454251686731974,2.94113818804423,0.08581088216271081,25.940062284469604,9.419862639465286,40
50,64,<built-in method sigmoid of type object at 0x7fd97539d780>,0.01,1000,<class 'torch.optim.sgd.SGD'>,0.0006,0.7,True,2.6582040786743164,2.9411559104919434,0.08713059149125008,62.08625102043152,2.2745137008947687,41
50,64,<built-in method sigmoid of type object at 0x7fd97539d780>,0.01,1000,<class 'torch.optim.sgd.SGD'>,0.0003,0.7,True,2.634971300760905,2.941159248352051,0.08798610046210367,63.98086222012838,0.09378809052474509,42
75,64,<built-in method sigmoid of type object at 0x7fd97539d780>,0.01,1000,<class 'torch.optim.sgd.SGD'>,1e-05,0.7,True,2.605919361114502,2.9430131117502847,0.06431694430488702,62.00497190157572,2.3535456202304936,43
100,64,<built-in method sigmoid of type object at 0x7fd97539d780>,0.01,1000,<class 'torch.optim.sgd.SGD'>,0.0003,0.7,True,2.6710099379221597,2.94486133257548,0.06446579389357368,57.874375343322754,8.905227985457643,44
75,64,<built-in method sigmoid of type object at 0x7fd97539d780>,0.01,1000,<class 'torch.optim.sgd.SGD'>,0.0003,0.7,True,2.6497095425923667,2.945032517115275,0.05833814630567478,59.375370025634766,6.416182583604381,45
75,64,<built-in method sigmoid of type object at 0x7fd97539d780>,0.01,1000,<class 'torch.optim.sgd.SGD'>,1e-05,0.8,True,2.5464685757954917,2.946075995763143,0.07718420898999234,50.76493390401205,13.781839949976767,46
50,64,<built-in method sigmoid of type object at 0x7fd97539d780>,0.006,1000,<class 'torch.optim.sgd.SGD'>,0.0001,0.8,True,2.6402469476064048,2.946465174357096,0.07204325804298634,63.89718778928121,2.3302993852806457,47
50,64,<built-in method sigmoid of type object at 0x7fd97539d780>,0.03,1000,<class 'torch.optim.sgd.SGD'>,0.0001,0.7,True,2.5630225340525308,2.9466272989908853,0.05729248636610862,20.039934396743774,2.0663806552167054,48
50,64,<built-in method sigmoid of type object at 0x7fd97539d780>,0.01,1000,<class 'torch.optim.sgd.SGD'>,1e-05,0.8,True,2.5313174724578857,2.946972926457723,0.06531716988876361,50.87023735046387,16.082081052787373,49
100,64,<built-in method sigmoid of type object at 0x7fd97539d780>,0.01,1000,<class 'torch.optim.sgd.SGD'>,0.0003,0.9,True,2.5506816705067954,2.947160800298055,0.09941338471704557,23.908079942067463,10.220142776113105,50
100,64,<built-in method sigmoid of type object at 0x7fd97539d780>,0.01,1000,<class 'torch.optim.sgd.SGD'>,1e-05,0.7,True,2.6509600480397544,2.9478822549184165,0.06574799011678728,56.85599184036255,10.312690069517789,51
50,64,<built-in method sigmoid of type object at 0x7fd97539d780>,0.01,1000,<class 'torch.optim.sgd.SGD'>,0.0001,0.7,True,2.6300975481669107,2.9497156937917075,0.08437587082058022,61.43824545542399,3.623072948069604,52
100,64,<built-in method sigmoid of type object at 0x7fd97539d780>,0.01,1000,<class 'torch.optim.sgd.SGD'>,0.0006,0.8,True,2.624367078145345,2.9506424268086753,0.05883545915891335,50.1354189713796,19.045766150494195,53
50,64,<built-in method sigmoid of type object at 0x7fd97539d780>,0.03,1000,<class 'torch.optim.sgd.SGD'>,0.0003,0.8,True,2.563940684000651,2.9542665481567383,0.110608197809425,15.42526642481486,6.948919100927128,54
75,64,<built-in method tanh of type object at 0x7fd97539d780>,0.006,1000,<class 'torch.optim.sgd.SGD'>,0.0006,0.7,True,2.467946767807007,2.9546333948771157,0.040176389237825884,49.199705839157104,14.108098973499935,55
100,64,<built-in method tanh of type object at 0x7fd97539d780>,0.006,1000,<class 'torch.optim.sgd.SGD'>,1e-05,0.9,True,2.4211902618408203,2.955250342686971,0.08463128881570003,9.359909057617188,0.7737894400900288,56
100,64,<built-in method sigmoid of type object at 0x7fd97539d780>,0.006,1000,<class 'torch.optim.sgd.SGD'>,1e-05,0.8,True,2.6608715852101645,2.955273230870565,0.06253271549360014,65.93714189529419,3.7942767036304237,57
100,64,<built-in method sigmoid of type object at 0x7fd97539d780>,0.006,1000,<class 'torch.optim.sgd.SGD'>,0.0003,0.8,True,2.6758089860280356,2.9562039375305176,0.08874537150061403,68.4822650750478,0.37820479248886996,58
100,64,<built-in method sigmoid of type object at 0x7fd97539d780>,0.01,1000,<class 'torch.optim.sgd.SGD'>,0.0001,0.9,True,2.5051702658335366,2.9565234184265137,0.05923207978564063,28.94627610842387,9.413403966795196,59
75,64,<built-in method sigmoid of type object at 0x7fd97539d780>,0.006,1000,<class 'torch.optim.sgd.SGD'>,0.0006,0.8,True,2.679699659347534,2.9576148192087808,0.0924683657434273,67.75119201342265,0.5946312346802071,60
50,64,<built-in method sigmoid of type object at 0x7fd97539d780>,0.01,1000,<class 'torch.optim.sgd.SGD'>,1e-05,0.7,True,2.606614669164022,2.960169235865275,0.07446597633717301,62.69425908724467,0.8487799757924037,61
100,64,<built-in method sigmoid of type object at 0x7fd97539d780>,0.01,1000,<class 'torch.optim.sgd.SGD'>,0.0006,0.7,True,2.685192584991455,2.960710128148397,0.06469321426955306,59.56870245933533,6.154066684762633,62
50,64,<built-in method tanh of type object at 0x7fd97539d780>,0.006,1000,<class 'torch.optim.sgd.SGD'>,0.0006,0.9,True,2.3941214879353843,2.9625540574391684,0.07286437769909306,15.341347694396973,3.5701806815274955,63
100,64,<built-in method tanh of type object at 0x7fd97539d780>,0.006,1000,<class 'torch.optim.sgd.SGD'>,0.0006,0.9,True,2.440449078877767,2.96274741490682,0.0709974681888749,9.767500003178915,0.43717257910341384,64
50,64,<built-in method sigmoid of type object at 0x7fd97539d780>,0.006,1000,<class 'torch.optim.sgd.SGD'>,0.0003,0.8,True,2.6625009377797446,2.963676929473877,0.11338135664242574,64.48072973887126,1.986768512343548,65
100,64,<built-in method tanh of type object at 0x7fd97539d780>,0.006,1000,<class 'torch.optim.sgd.SGD'>,0.0003,0.8,True,2.4682439963022866,2.966164986292521,0.06278200823854087,20.21959940592448,1.9930482664612201,66
50,64,<built-in method sigmoid of type object at 0x7fd97539d780>,0.03,1000,<class 'torch.optim.sgd.SGD'>,0.0006,0.9,True,2.5381673177083335,2.966807206471761,0.029951406499565108,7.376253128051758,1.6711332875763498,67
75,64,<built-in method sigmoid of type object at 0x7fd97539d780>,0.03,1000,<class 'torch.optim.sgd.SGD'>,0.0001,0.8,True,2.526161511739095,2.967009703318278,0.11836148391052627,15.158723672231039,5.563320991074829,68
75,64,<built-in method sigmoid of type object at 0x7fd97539d780>,0.006,1000,<class 'torch.optim.sgd.SGD'>,0.0001,0.8,True,2.6683026949564614,2.9675174554189048,0.0755543399583206,59.89131943384806,8.115613203381038,69
75,64,<built-in method sigmoid of type object at 0x7fd97539d780>,0.006,1000,<class 'torch.optim.sgd.SGD'>,0.0003,0.8,True,2.6644235452016196,2.9677248001098633,0.0690247288378116,65.28983092308044,5.186719180177818,70
100,64,<built-in method tanh of type object at 0x7fd97539d780>,0.006,1000,<class 'torch.optim.sgd.SGD'>,0.0006,0.8,True,2.4701408545176187,2.9680524667104087,0.07722212905232174,22.67636052767436,3.350148439909386,71
50,64,<built-in method sigmoid of type object at 0x7fd97539d780>,0.006,1000,<class 'torch.optim.sgd.SGD'>,1e-05,0.8,True,2.6437012354532876,2.9684391021728516,0.08619241915591974,62.952544848124184,4.081629143688675,72
100,64,<built-in method tanh of type object at 0x7fd97539d780>,0.006,1000,<class 'torch.optim.sgd.SGD'>,0.0001,0.8,True,2.4613560835520425,2.9688562552134194,0.11403514175610384,24.983872572580974,2.68178309749274,73
75,64,<built-in method sigmoid of type object at 0x7fd97539d780>,0.03,1000,<class 'torch.optim.sgd.SGD'>,1e-05,0.8,True,2.5540971755981445,2.969944953918457,0.08661859831935394,16.001253525416057,6.077658544264895,74
100,64,<built-in method sigmoid of type object at 0x7fd97539d780>,0.03,1000,<class 'torch.optim.sgd.SGD'>,1e-05,0.9,True,2.4308329423268638,2.9704877535502114,0.12388729342973474,8.60818592707316,1.7202420714168827,75
75,64,<built-in method tanh of type object at 0x7fd97539d780>,0.01,1000,<class 'torch.optim.sgd.SGD'>,1e-05,0.8,True,2.428032398223877,2.9730865955352783,0.11958247658115752,14.176188468933105,5.119283219780985,76
50,64,<built-in method tanh of type object at 0x7fd97539d780>,0.01,1000,<class 'torch.optim.sgd.SGD'>,0.0001,0.7,True,2.4512402216593423,2.973222017288208,0.05233068122732538,28.22836422920227,5.160106468584267,77
50,64,<built-in method sigmoid of type object at 0x7fd97539d780>,0.006,1000,<class 'torch.optim.sgd.SGD'>,0.0006,0.8,True,2.681242307027181,2.9737234910329184,0.08317059535307801,64.95120588938396,0.01212743166792321,78
100,64,<built-in method sigmoid of type object at 0x7fd97539d780>,0.006,1000,<class 'torch.optim.sgd.SGD'>,0.0006,0.8,True,2.6988205115000405,2.973970095316569,0.06051981248094433,63.99015728632609,6.007055397006303,79
100,64,<built-in method tanh of type object at 0x7fd97539d780>,0.006,1000,<class 'torch.optim.sgd.SGD'>,1e-05,0.8,True,2.4762942790985107,2.975083033243815,0.0894092301160742,24.774062871932983,6.657092108197629,80
75,64,<built-in method tanh of type object at 0x7fd97539d780>,0.006,1000,<class 'torch.optim.sgd.SGD'>,0.0003,0.7,True,2.5092074871063232,2.975598414738973,0.020747710189129135,34.25791088740031,10.23691557363146,81
75,64,<built-in method sigmoid of type object at 0x7fd97539d780>,0.03,1000,<class 'torch.optim.sgd.SGD'>,0.0001,0.9,True,2.514421542485555,2.9762078126271567,0.09570656077525898,8.698416868845621,4.192072870030376,82
50,64,<built-in method tanh of type object at 0x7fd97539d780>,0.01,1000,<class 'torch.optim.sgd.SGD'>,0.0001,0.9,True,2.426202932993571,2.976257642110189,0.07237379981901118,6.751772403717041,0.8498879217624403,83
50,64,<built-in method sigmoid of type object at 0x7fd97539d780>,0.03,1000,<class 'torch.optim.sgd.SGD'>,0.0003,0.9,True,2.514556328455607,2.9762916564941406,0.050815460707279415,7.467070738474528,1.7141335499642765,84
50,64,<built-in method tanh of type object at 0x7fd97539d780>,0.006,1000,<class 'torch.optim.sgd.SGD'>,0.0003,0.8,True,2.450742801030477,2.976775646209717,0.045188111520238564,31.278590122858684,10.654399474508958,85
50,64,<built-in method tanh of type object at 0x7fd97539d780>,0.01,1000,<class 'torch.optim.sgd.SGD'>,1e-05,0.8,True,2.4513121445973716,2.9801700115203857,0.03342992621800518,14.204988161722818,4.059426751965204,86
100,64,<built-in method tanh of type object at 0x7fd97539d780>,0.006,1000,<class 'torch.optim.sgd.SGD'>,0.0006,0.7,True,2.4777716795603433,2.9811301231384277,0.08609934919603753,39.83553012212118,9.49744404467598,87
100,64,<built-in method sigmoid of type object at 0x7fd97539d780>,0.03,1000,<class 'torch.optim.sgd.SGD'>,0.0001,0.8,True,2.594379981358846,2.9816015561421714,0.08718124028972346,11.835321029027304,3.1156606676176795,88
100,64,<built-in method tanh of type object at 0x7fd97539d780>,0.006,1000,<class 'torch.optim.sgd.SGD'>,1e-05,0.7,True,2.477689743041992,2.982348362604777,0.09737025840989146,39.57514230410258,16.77112540570838,89
100,64,<built-in method tanh of type object at 0x7fd97539d780>,0.006,1000,<class 'torch.optim.sgd.SGD'>,0.0001,0.7,True,2.4864500363667807,2.983593702316284,0.07158877380873165,31.009510040283203,2.545899476473982,90
50,64,<built-in method sigmoid of type object at 0x7fd97539d780>,0.03,1000,<class 'torch.optim.sgd.SGD'>,0.0003,0.7,True,2.6035172939300537,2.9840621948242188,0.06379306503873225,21.687352180480957,2.620626358507311,91
75,64,<built-in method tanh of type object at 0x7fd97539d780>,0.01,1000,<class 'torch.optim.sgd.SGD'>,0.0006,0.9,True,2.397414286931356,2.984388589859009,0.01508578622291805,7.560095310211182,0.6504269238989571,92
75,64,<built-in method sigmoid of type object at 0x7fd97539d780>,0.03,1000,<class 'torch.optim.sgd.SGD'>,1e-05,0.7,True,2.6214559078216553,2.9851961930592856,0.0393106629156432,21.474531094233196,8.433900112368468,93
50,64,<built-in method sigmoid of type object at 0x7fd97539d780>,0.03,1000,<class 'torch.optim.sgd.SGD'>,1e-05,0.8,True,2.5384112199147544,2.9855953057607016,0.05676057100618196,13.700731118520102,2.517790526071005,94
100,64,<built-in method sigmoid of type object at 0x7fd97539d780>,0.03,1000,<class 'torch.optim.sgd.SGD'>,1e-05,0.8,True,2.582946459452311,2.9863332907358804,0.03526956044995953,15.961119492848715,5.478424109913781,95
75,64,<built-in method tanh of type object at 0x7fd97539d780>,0.006,1000,<class 'torch.optim.sgd.SGD'>,0.0003,0.8,True,2.4523364702860513,2.9863429069519043,0.12632829022853845,22.847954988479614,7.850757913192836,96
100,64,<built-in method sigmoid of type object at 0x7fd97539d780>,0.03,1000,<class 'torch.optim.sgd.SGD'>,0.0003,0.8,True,2.621908744176229,2.986937999725342,0.06824068728341236,16.105985244115193,3.7782160916443255,97
75,64,<built-in method tanh of type object at 0x7fd97539d780>,0.006,1000,<class 'torch.optim.sgd.SGD'>,0.0001,0.7,True,2.5052923361460366,2.98757004737854,0.10940154390477312,33.092477877934776,1.983594862980006,98
50,64,<built-in method tanh of type object at 0x7fd97539d780>,0.01,1000,<class 'torch.optim.sgd.SGD'>,0.0006,0.7,True,2.4317331314086914,2.9914331436157227,0.08877786584476936,29.912223895390827,8.463920914569488,99
75,64,<built-in method tanh of type object at 0x7fd97539d780>,0.01,1000,<class 'torch.optim.sgd.SGD'>,1e-05,0.9,True,2.4034040768941245,2.9916454950968423,0.10477954667862655,6.596858421961467,0.5811756365753392,100
50,64,<built-in method tanh of type object at 0x7fd97539d780>,0.01,1000,<class 'torch.optim.sgd.SGD'>,1e-05,0.7,True,2.462218761444092,2.992884635925293,0.042179244697088794,29.370484352111816,2.906787227262717,101
75,64,<built-in method tanh of type object at 0x7fd97539d780>,0.006,1000,<class 'torch.optim.sgd.SGD'>,0.0006,0.9,True,2.4116995334625244,2.994086186091105,0.12196317111617856,12.480166912078857,4.649973564930917,102
100,64,<built-in method tanh of type object at 0x7fd97539d780>,0.006,1000,<class 'torch.optim.sgd.SGD'>,0.0003,0.7,True,2.491516908009847,2.994793176651001,0.09556917340125431,39.6265656153361,5.4854327114013435,103
50,64,<built-in method tanh of type object at 0x7fd97539d780>,0.006,1000,<class 'torch.optim.sgd.SGD'>,0.0001,0.9,True,2.3983566761016846,2.9954171975453696,0.06277258183045645,12.051927407582602,1.2714364730064611,104
75,64,<built-in method sigmoid of type object at 0x7fd97539d780>,0.03,1000,<class 'torch.optim.sgd.SGD'>,0.0003,0.9,True,2.531226317087809,2.9971168835957847,0.11504676513336397,7.864080349604289,1.8732087255586924,105
75,64,<built-in method tanh of type object at 0x7fd97539d780>,0.006,1000,<class 'torch.optim.sgd.SGD'>,1e-05,0.7,True,2.473766326904297,2.998488108317057,0.0729950605306746,45.723987340927124,11.281061270074659,106
100,64,<built-in method tanh of type object at 0x7fd97539d780>,0.006,1000,<class 'torch.optim.sgd.SGD'>,0.0003,0.9,True,2.4594852129618325,2.998831113179525,0.11720167666642506,10.412338972091675,1.3563002988099921,107
50,64,<built-in method tanh of type object at 0x7fd97539d780>,0.01,1000,<class 'torch.optim.sgd.SGD'>,0.0001,0.8,True,2.432027578353882,2.9998296101888022,0.041390095752556616,16.998184045155842,4.016741216255041,108
100,64,<built-in method tanh of type object at 0x7fd97539d780>,0.01,1000,<class 'torch.optim.sgd.SGD'>,0.0006,0.7,True,2.57269549369812,3.0001560052235923,0.04368944441822239,19.689842224121094,3.466941613282075,109
75,64,<built-in method tanh of type object at 0x7fd97539d780>,0.006,1000,<class 'torch.optim.sgd.SGD'>,0.0006,0.8,True,2.4961116313934326,3.000494877497355,0.12279776431640649,19.982773065567017,6.758976132937473,110
100,64,<built-in method tanh of type object at 0x7fd97539d780>,0.01,1000,<class 'torch.optim.sgd.SGD'>,0.0001,0.8,True,2.461310307184855,3.0006348292032876,0.13891736940683877,14.649271567662558,4.720387273782761,111
100,64,<built-in method tanh of type object at 0x7fd97539d780>,0.01,1000,<class 'torch.optim.sgd.SGD'>,1e-05,0.8,True,2.4644829432169595,3.0026066303253174,0.03977826162491791,13.532541036605835,2.1496356603584785,112
75,64,<built-in method tanh of type object at 0x7fd97539d780>,0.006,1000,<class 'torch.optim.sgd.SGD'>,0.0001,0.9,True,2.3728357950846353,3.003221273422241,0.16100954401670087,14.308740933736166,4.199896042921995,113
75,64,<built-in method tanh of type object at 0x7fd97539d780>,0.01,1000,<class 'torch.optim.sgd.SGD'>,0.0001,0.7,True,2.497334877649943,3.003363768259684,0.024498805367056165,21.600818554560345,5.532361121956207,114
75,64,<built-in method sigmoid of type object at 0x7fd97539d780>,0.03,1000,<class 'torch.optim.sgd.SGD'>,0.0003,0.8,True,2.599507967631022,3.003584384918213,0.05862800537418341,17.40260926882426,8.960159765160851,115
100,64,<built-in method sigmoid of type object at 0x7fd97539d780>,0.03,1000,<class 'torch.optim.sgd.SGD'>,1e-05,0.7,True,2.6466062863667807,3.0043559869130454,0.079510832009039,20.209960142771404,8.212951564799951,116
75,64,<built-in method tanh of type object at 0x7fd97539d780>,0.006,1000,<class 'torch.optim.sgd.SGD'>,0.0001,0.8,True,2.526892105738322,3.004399140675863,0.10296739420915443,19.1013286113739,7.971994113539312,117
100,64,<built-in method sigmoid of type object at 0x7fd97539d780>,0.03,1000,<class 'torch.optim.sgd.SGD'>,0.0006,0.9,True,2.5572702089945474,3.0052642822265625,0.07198652738713007,11.1700488726298,3.783164564522992,118
50,64,<built-in method sigmoid of type object at 0x7fd97539d780>,0.03,1000,<class 'torch.optim.sgd.SGD'>,0.0001,0.9,True,2.503073771794637,3.0054732958475747,0.05872137885642822,9.179959694544474,2.7595318722591275,119
100,64,<built-in method tanh of type object at 0x7fd97539d780>,0.01,1000,<class 'torch.optim.sgd.SGD'>,1e-05,0.9,True,2.4297711849212646,3.0058491230010986,0.09892600972111444,6.431686957677205,0.987457829757871,120
50,64,<built-in method tanh of type object at 0x7fd97539d780>,0.01,1000,<class 'torch.optim.sgd.SGD'>,0.0006,0.8,True,2.469703118006388,3.005854765574137,0.09902244055298833,24.26970895131429,10.66949825276547,121
100,64,<built-in method sigmoid of type object at 0x7fd97539d780>,0.03,1000,<class 'torch.optim.sgd.SGD'>,0.0001,0.9,True,2.574317137400309,3.005893071492513,0.08806099821315809,7.824596643447876,0.7335809714077504,122
100,64,<built-in method sigmoid of type object at 0x7fd97539d780>,0.03,1000,<class 'torch.optim.sgd.SGD'>,0.0003,0.7,True,2.599757273991903,3.006194829940796,0.1445165537431438,26.826975027720135,16.869578329001005,123
75,64,<built-in method sigmoid of type object at 0x7fd97539d780>,0.03,1000,<class 'torch.optim.sgd.SGD'>,0.0006,0.7,True,2.667640288670858,3.006286144256592,0.028079663986105643,20.944243669509888,6.389717278380866,124
75,64,<built-in method tanh of type object at 0x7fd97539d780>,0.01,1000,<class 'torch.optim.sgd.SGD'>,0.0003,0.7,True,2.511269489924113,3.007598559061686,0.12062777890995748,20.55038293202718,3.4513130553150178,125
100,64,<built-in method tanh of type object at 0x7fd97539d780>,0.01,1000,<class 'torch.optim.sgd.SGD'>,0.0006,0.9,True,2.4599808057149253,3.0077946186065674,0.06906796145419403,6.004879077275594,0.5735696937581166,126
100,64,<built-in method tanh of type object at 0x7fd97539d780>,0.006,1000,<class 'torch.optim.sgd.SGD'>,0.0001,0.9,True,2.4309499263763428,3.0100247065226235,0.09852227520580804,9.674171209335327,0.7742264792641729,127
75,64,<built-in method sigmoid of type object at 0x7fd97539d780>,0.03,1000,<class 'torch.optim.sgd.SGD'>,0.0006,0.8,True,2.5702999432881675,3.0101897716522217,0.11781508327219116,20.463481267293293,10.89737477227599,128
50,64,<built-in method tanh of type object at 0x7fd97539d780>,0.006,1000,<class 'torch.optim.sgd.SGD'>,0.0003,0.9,True,2.414209763209025,3.0110291639963784,0.06306473765078983,11.61678417523702,1.4332825827490272,129
75,64,<built-in method tanh of type object at 0x7fd97539d780>,0.01,1000,<class 'torch.optim.sgd.SGD'>,0.0001,0.8,True,2.495364268620809,3.0112058321634927,0.058081055756913726,13.570546468098959,1.0898944825158576,130
50,64,<built-in method tanh of type object at 0x7fd97539d780>,0.01,1000,<class 'torch.optim.sgd.SGD'>,0.0003,0.9,True,2.38239320119222,3.011570692062378,0.12508073163889263,9.741145610809326,3.1922442308433885,131
75,64,<built-in method tanh of type object at 0x7fd97539d780>,0.01,1000,<class 'torch.optim.sgd.SGD'>,1e-05,0.7,True,2.4442827701568604,3.0117578506469727,0.1420866795392531,23.3251633644104,7.567652278770158,132
50,64,<built-in method tanh of type object at 0x7fd97539d780>,0.006,1000,<class 'torch.optim.sgd.SGD'>,0.0001,0.7,True,2.4459915161132812,3.0127271811167398,0.07383451861561886,55.38444232940674,9.468504827646875,133
100,64,<built-in method tanh of type object at 0x7fd97539d780>,0.01,1000,<class 'torch.optim.sgd.SGD'>,0.0006,0.8,True,2.518804391225179,3.0127686659495034,0.07570431901392422,14.735955238342285,4.394295165291876,134
100,64,<built-in method tanh of type object at 0x7fd97539d780>,0.01,1000,<class 'torch.optim.sgd.SGD'>,0.0001,0.9,True,2.4527604579925537,3.013524611790975,0.022398010905079948,5.593703905741374,0.3751343130265451,135
50,64,<built-in method tanh of type object at 0x7fd97539d780>,0.006,1000,<class 'torch.optim.sgd.SGD'>,0.0006,0.7,True,2.4995521704355874,3.0157856941223145,0.10184610213996736,51.97548429171244,12.54625160498637,136
75,64,<built-in method tanh of type object at 0x7fd97539d780>,0.006,1000,<class 'torch.optim.sgd.SGD'>,1e-05,0.8,True,2.464653968811035,3.016282876332601,0.08825771660122202,26.23979393641154,11.063070213123009,137
75,64,<built-in method sigmoid of type object at 0x7fd97539d780>,0.03,1000,<class 'torch.optim.sgd.SGD'>,0.0003,0.7,True,2.649284760157267,3.018453677495321,0.011930318391962699,22.24928116798401,5.58629824534246,138
50,64,<built-in method tanh of type object at 0x7fd97539d780>,0.01,1000,<class 'torch.optim.sgd.SGD'>,0.0006,0.9,True,2.432334025700887,3.020395358403524,0.04829194139477849,7.928059260050456,0.7152640130808364,139
100,64,<built-in method sigmoid of type object at 0x7fd97539d780>,0.03,1000,<class 'torch.optim.sgd.SGD'>,0.0001,0.7,True,2.6469813187917075,3.0204617977142334,0.01856566599364416,24.09701371192932,7.250887955021916,140
50,64,<built-in method tanh of type object at 0x7fd97539d780>,0.006,1000,<class 'torch.optim.sgd.SGD'>,0.0001,0.8,True,2.489776611328125,3.020871957143148,0.13556937426497614,28.716441075007122,16.584966024106578,141
50,64,<built-in method tanh of type object at 0x7fd97539d780>,0.01,1000,<class 'torch.optim.sgd.SGD'>,1e-05,0.9,True,2.3425827026367188,3.0215132236480713,0.08217424114388967,10.838157733281454,1.9256981543661513,142
50,64,<built-in method tanh of type object at 0x7fd97539d780>,0.006,1000,<class 'torch.optim.sgd.SGD'>,0.0006,0.8,True,2.4992592334747314,3.0215338865915933,0.089195270840005,36.18029650052389,9.613935230058882,143
75,64,<built-in method tanh of type object at 0x7fd97539d780>,0.01,1000,<class 'torch.optim.sgd.SGD'>,0.0006,0.7,True,2.510010242462158,3.0215444564819336,0.08973453038602874,30.291218519210815,17.346720576063298,144
50,64,<built-in method tanh of type object at 0x7fd97539d780>,0.006,1000,<class 'torch.optim.sgd.SGD'>,1e-05,0.7,True,2.4995486736297607,3.0218586126963296,0.07533726675722516,42.56571729977926,18.814702895391882,145
100,64,<built-in method tanh of type object at 0x7fd97539d780>,0.01,1000,<class 'torch.optim.sgd.SGD'>,0.0003,0.9,True,2.491438547770182,3.0234032471974692,0.1051596946779326,5.598045984903972,0.5830646813217916,146
100,64,<built-in method tanh of type object at 0x7fd97539d780>,0.01,1000,<class 'torch.optim.sgd.SGD'>,1e-05,0.7,True,2.490081310272217,3.0240086714426675,0.11708475132331668,18.53226073582967,7.050218504158573,147
50,64,<built-in method sigmoid of type object at 0x7fd97539d780>,0.006,1000,<class 'torch.optim.sgd.SGD'>,1e-05,0.7,True,2.785038789113363,3.024799029032389,0.08581763836813608,65.48770872751872,0.3174095095204877,148
75,64,<built-in method tanh of type object at 0x7fd97539d780>,0.006,1000,<class 'torch.optim.sgd.SGD'>,0.0003,0.9,True,2.4330586592356362,3.02506693204244,0.10219733892173886,9.881086031595865,1.4110881502819208,149
50,64,<built-in method tanh of type object at 0x7fd97539d780>,0.01,1000,<class 'torch.optim.sgd.SGD'>,0.0003,0.8,True,2.3987183570861816,3.026740868886312,0.06619039696692229,32.8763697942098,19.159804407294207,150
75,64,<built-in method tanh of type object at 0x7fd97539d780>,0.006,1000,<class 'torch.optim.sgd.SGD'>,1e-05,0.9,True,2.4215118885040283,3.0288236141204834,0.0752197952476244,10.056328852971395,2.9287259877276375,151
50,64,<built-in method tanh of type object at 0x7fd97539d780>,0.03,1000,<class 'torch.optim.sgd.SGD'>,0.0006,0.7,True,2.5378737449645996,3.0314993858337402,0.08359144644368165,9.992911577224731,3.3889312915597594,152
50,64,<built-in method tanh of type object at 0x7fd97539d780>,0.006,1000,<class 'torch.optim.sgd.SGD'>,1e-05,0.8,True,2.4870596726735434,3.0335749785105386,0.08628355793917267,28.242984612782795,13.599591021383162,153
50,64,<built-in method sigmoid of type object at 0x7fd97539d780>,0.006,1000,<class 'torch.optim.sgd.SGD'>,0.0001,0.7,True,2.7829609711964927,3.0336592197418213,0.08693796538078362,64.74094271659851,0.21224662551770368,154
75,64,<built-in method tanh of type object at 0x7fd97539d780>,0.01,1000,<class 'torch.optim.sgd.SGD'>,0.0006,0.8,True,2.487433830897013,3.034680445988973,0.10067753656661946,15.208833456039429,5.353435850716191,155
50,64,<built-in method tanh of type object at 0x7fd97539d780>,0.01,1000,<class 'torch.optim.sgd.SGD'>,0.0003,0.7,True,2.584439675013224,3.035391648610433,0.12779750762778427,16.51230223973592,4.315673504905451,156
75,64,<built-in method sigmoid of type object at 0x7fd97539d780>,0.03,1000,<class 'torch.optim.sgd.SGD'>,0.0001,0.7,True,2.6491102377573648,3.0361650784810386,0.09392028297630887,24.74935269355774,7.932385691225096,157
50,64,<built-in method tanh of type object at 0x7fd97539d780>,0.006,1000,<class 'torch.optim.sgd.SGD'>,1e-05,0.9,True,2.449650684992472,3.0366249879201255,0.07028135009274489,10.792644421259562,1.655265414850241,158
75,64,<built-in method tanh of type object at 0x7fd97539d780>,0.01,1000,<class 'torch.optim.sgd.SGD'>,0.0003,0.8,True,2.444538434346517,3.037175496419271,0.13197295164040912,16.887623071670532,6.16293421124329,159
50,64,<built-in method tanh of type object at 0x7fd97539d780>,0.006,1000,<class 'torch.optim.sgd.SGD'>,0.0003,0.7,True,2.6081900596618652,3.038111607233683,0.08466211264008262,28.420741319656372,2.1749389265163797,160
75,64,<built-in method sigmoid of type object at 0x7fd97539d780>,0.03,1000,<class 'torch.optim.sgd.SGD'>,0.0006,0.9,True,2.6413300037384033,3.0395429134368896,0.06678683857285088,10.930387020111084,4.097468180819452,161
100,64,<built-in method sigmoid of type object at 0x7fd97539d780>,0.006,1000,<class 'torch.optim.sgd.SGD'>,0.0003,0.7,True,2.83160400390625,3.0425100326538086,0.10312192691609726,68.46891069412231,0.03821708649423332,162
50,64,<built-in method sigmoid of type object at 0x7fd97539d780>,0.006,1000,<class 'torch.optim.sgd.SGD'>,0.0003,0.7,True,2.7966606616973877,3.042830228805542,0.09576718000152441,65.14693721135457,0.1391926052619444,163
100,64,<built-in method sigmoid of type object at 0x7fd97539d780>,0.03,1000,<class 'torch.optim.sgd.SGD'>,0.0003,0.9,True,2.573434829711914,3.04296882947286,0.110238751022811,9.8407088915507,2.1403739159400375,164
100,64,<built-in method tanh of type object at 0x7fd97539d780>,0.01,1000,<class 'torch.optim.sgd.SGD'>,0.0001,0.7,True,2.4974288940429688,3.044221798578898,0.0749600753929176,23.79975390434265,9.269124623647745,165
50,64,<built-in method sigmoid of type object at 0x7fd97539d780>,0.03,1000,<class 'torch.optim.sgd.SGD'>,1e-05,0.9,True,2.5798888206481934,3.044624169667562,0.16884607567368093,8.21119999885559,3.3100504925263112,166
75,64,<built-in method sigmoid of type object at 0x7fd97539d780>,0.006,1000,<class 'torch.optim.sgd.SGD'>,0.0001,0.7,True,2.7976648807525635,3.0463943481445312,0.09133313776505027,67.97245764732361,0.3330157821146652,167
100,64,<built-in method sigmoid of type object at 0x7fd97539d780>,0.03,1000,<class 'torch.optim.sgd.SGD'>,0.0006,0.7,True,2.724867502848307,3.047493060429891,0.03373626511133395,26.291332880655926,10.806270776619549,168
75,64,<built-in method tanh of type object at 0x7fd97539d780>,0.01,1000,<class 'torch.optim.sgd.SGD'>,0.0001,0.9,True,2.412297010421753,3.0477991898854575,0.0892148213898946,7.872813622156779,1.9245200550080392,169
75,64,<built-in method sigmoid of type object at 0x7fd97539d780>,0.03,1000,<class 'torch.optim.sgd.SGD'>,1e-05,0.9,True,2.546196381251017,3.0494308471679688,0.13437101059005904,8.399168014526367,0.8408750154966973,170
100,64,<built-in method tanh of type object at 0x7fd97539d780>,0.01,1000,<class 'torch.optim.sgd.SGD'>,0.0003,0.8,True,2.476586023966471,3.0498948097229004,0.1860744537398114,12.430542707443237,3.748439801072932,171
100,64,<built-in method sigmoid of type object at 0x7fd97539d780>,0.006,1000,<class 'torch.optim.sgd.SGD'>,1e-05,0.7,True,2.8257890542348227,3.051147143046061,0.09913266753296882,68.33869798978169,0.4649257014174634,172
100,64,<built-in method tanh of type object at 0x7fd97539d780>,0.01,1000,<class 'torch.optim.sgd.SGD'>,0.0003,0.7,True,2.5493162473042807,3.0515993436177573,0.0764364962347607,24.432873169581097,1.7389146502491255,173
75,64,<built-in method tanh of type object at 0x7fd97539d780>,0.01,1000,<class 'torch.optim.sgd.SGD'>,0.0003,0.9,True,2.4142676989237466,3.052885135014852,0.10547990011591124,7.627258221308391,1.1913497258732577,174
100,64,<built-in method sigmoid of type object at 0x7fd97539d780>,0.006,1000,<class 'torch.optim.sgd.SGD'>,0.0001,0.7,True,2.8338749408721924,3.055323600769043,0.09216153645124084,67.93263959884644,0.3520533102761619,175
75,64,<built-in method sigmoid of type object at 0x7fd97539d780>,0.006,1000,<class 'torch.optim.sgd.SGD'>,1e-05,0.7,True,2.815239350001017,3.055983384450277,0.10313314049222717,68.46705794334412,1.190044122319056,176
75,64,<built-in method sigmoid of type object at 0x7fd97539d780>,0.006,1000,<class 'torch.optim.sgd.SGD'>,0.0006,0.7,True,2.849921464920044,3.060828765233358,0.08297716019408675,65.97890305519104,0.14312587891763934,177
50,64,<built-in method sigmoid of type object at 0x7fd97539d780>,0.006,1000,<class 'torch.optim.sgd.SGD'>,0.0006,0.7,True,2.8328601519266763,3.0661915938059487,0.09239633096755114,66.27277739842732,0.16808373500892643,178
50,64,<built-in method tanh of type object at 0x7fd97539d780>,0.03,1000,<class 'torch.optim.sgd.SGD'>,1e-05,0.9,True,2.3824320634206138,3.069896697998047,0.04363422441989831,4.228095769882202,0.2876675820200354,179
100,64,<built-in method sigmoid of type object at 0x7fd97539d780>,0.006,1000,<class 'torch.optim.sgd.SGD'>,0.0006,0.7,True,2.860149383544922,3.074540297190348,0.09989172606860089,68.70080208778381,0.4006061193615513,180
75,64,<built-in method sigmoid of type object at 0x7fd97539d780>,0.006,1000,<class 'torch.optim.sgd.SGD'>,0.0003,0.7,True,2.8303274313608804,3.0756126244862876,0.11122525239632515,65.19127591451009,0.5029494783148861,181
50,64,<built-in method tanh of type object at 0x7fd97539d780>,0.03,1000,<class 'torch.optim.sgd.SGD'>,1e-05,0.7,True,2.504925489425659,3.0765508810679116,0.035966490370561884,12.128668308258057,1.8224905623193732,182
50,64,<built-in method tanh of type object at 0x7fd97539d780>,0.03,1000,<class 'torch.optim.sgd.SGD'>,0.0006,0.8,True,2.5410264333089194,3.081791559855143,0.04613702216322009,7.223041454950969,1.862312936241023,183
50,64,<built-in method tanh of type object at 0x7fd97539d780>,0.03,1000,<class 'torch.optim.sgd.SGD'>,0.0003,0.7,True,2.5692647298177085,3.103193521499634,0.08170793867911501,9.124283711115519,0.40107816422388776,184
75,64,<built-in method tanh of type object at 0x7fd97539d780>,0.03,1000,<class 'torch.optim.sgd.SGD'>,0.0003,0.7,True,2.552976369857788,3.11350949605306,0.11287490724645069,9.512224912643433,5.630222471812138,185
75,64,<built-in method tanh of type object at 0x7fd97539d780>,0.03,1000,<class 'torch.optim.sgd.SGD'>,0.0006,0.7,True,2.642240126927694,3.115190029144287,0.13758024381231634,8.428631782531738,3.269375748177811,186
50,64,<built-in method tanh of type object at 0x7fd97539d780>,0.03,1000,<class 'torch.optim.sgd.SGD'>,0.0001,0.7,True,2.5437866846720376,3.127013842264811,0.07636136163588443,9.43821938832601,1.1413405463966295,187
50,64,<built-in method tanh of type object at 0x7fd97539d780>,0.03,1000,<class 'torch.optim.sgd.SGD'>,0.0001,0.8,True,2.5745694637298584,3.128969589869181,0.20828498337971826,7.905864397684733,1.3370703513742521,188
100,64,<built-in method sigmoid of type object at 0x7fd97539d780>,0.03,1000,<class 'torch.optim.sgd.SGD'>,0.0006,0.8,True,2.7995128631591797,3.1297763188680015,0.14945400911243617,21.414071559906006,5.430290351519636,189
50,64,<built-in method tanh of type object at 0x7fd97539d780>,0.03,1000,<class 'torch.optim.sgd.SGD'>,0.0001,0.9,True,2.527064243952433,3.133185307184855,0.12405275920687714,3.944793621699015,0.646066854810874,190
50,64,<built-in method tanh of type object at 0x7fd97539d780>,0.03,1000,<class 'torch.optim.sgd.SGD'>,0.0006,0.9,True,2.426600138346354,3.144167105356852,0.18188252966830212,6.0742433071136475,2.8095675146987875,191
75,64,<built-in method tanh of type object at 0x7fd97539d780>,0.03,1000,<class 'torch.optim.sgd.SGD'>,0.0003,0.8,True,2.569368362426758,3.175691604614258,0.16154980995109497,6.497719685236613,0.31264798645796205,192
100,64,<built-in method tanh of type object at 0x7fd97539d780>,0.03,1000,<class 'torch.optim.sgd.SGD'>,0.0001,0.7,True,2.6644680500030518,3.185311714808146,0.1322901847760782,7.661612431208293,1.9646514045907775,193
75,64,<built-in method tanh of type object at 0x7fd97539d780>,0.03,1000,<class 'torch.optim.sgd.SGD'>,0.0006,0.9,True,2.436018387476603,3.18861714998881,0.10891473767613269,3.7562502225240073,0.06293088773676295,194
50,64,<built-in method tanh of type object at 0x7fd97539d780>,0.03,1000,<class 'torch.optim.sgd.SGD'>,0.0003,0.9,True,2.401651700337728,3.1896608670552573,0.23308950934488698,5.3711973031361895,2.365097439139448,195
50,64,<built-in method tanh of type object at 0x7fd97539d780>,0.03,1000,<class 'torch.optim.sgd.SGD'>,1e-05,0.8,True,2.5338035424550376,3.202812115351359,0.0926577513548332,11.70720132191976,3.8661926764704044,196
50,64,<built-in method tanh of type object at 0x7fd97539d780>,0.03,1000,<class 'torch.optim.sgd.SGD'>,0.0003,0.8,True,2.608189503351847,3.206115404764811,0.15702518562115247,6.965112050374349,0.12401830756746743,197
75,64,<built-in method tanh of type object at 0x7fd97539d780>,0.03,1000,<class 'torch.optim.sgd.SGD'>,0.0001,0.9,True,2.463912566502889,3.2142820358276367,0.12477812803628072,4.449772993723552,0.7783406389250392,198
75,64,<built-in method tanh of type object at 0x7fd97539d780>,0.03,1000,<class 'torch.optim.sgd.SGD'>,1e-05,0.8,True,2.6591382026672363,3.2165873050689697,0.17600676962011721,5.095721244812012,0.6494048987677806,199
75,64,<built-in method tanh of type object at 0x7fd97539d780>,0.03,1000,<class 'torch.optim.sgd.SGD'>,0.0001,0.8,True,2.6495254039764404,3.230096419652303,0.32753516922432296,5.918144305547078,0.7100694768646205,200
100,64,<built-in method tanh of type object at 0x7fd97539d780>,0.03,1000,<class 'torch.optim.sgd.SGD'>,0.0003,0.9,True,2.6002718607584634,3.241259972254435,0.16775642059346416,4.431080420811971,0.6150423064490701,201
75,64,<built-in method tanh of type object at 0x7fd97539d780>,0.03,1000,<class 'torch.optim.sgd.SGD'>,0.0006,0.8,True,2.578335762023926,3.255280017852783,0.12607858391393478,7.868911027908325,3.129425251309704,202
100,64,<built-in method tanh of type object at 0x7fd97539d780>,0.03,1000,<class 'torch.optim.sgd.SGD'>,0.0006,0.9,True,2.6655426820119223,3.3140968481699624,0.18114446521228522,4.338569164276123,0.44089590058208716,203
75,64,<built-in method tanh of type object at 0x7fd97539d780>,0.03,1000,<class 'torch.optim.sgd.SGD'>,0.0001,0.7,True,2.8394795258839927,3.3359715143839517,0.054286800870867576,7.36668602625529,1.4702521532812458,204
100,64,<built-in method tanh of type object at 0x7fd97539d780>,0.03,1000,<class 'torch.optim.sgd.SGD'>,0.0006,0.8,True,2.7800028324127197,3.3378161589304605,0.21130851344613247,5.154817342758179,1.040812807263717,205
50,64,<built-in method relu of type object at 0x7fd97539d780>,0.006,1000,<class 'torch.optim.sgd.SGD'>,0.0003,0.7,True,2.9266908168792725,3.33878485361735,0.18677077159398012,29.88072125116984,2.4076936796573927,206
50,64,<built-in method relu of type object at 0x7fd97539d780>,0.006,1000,<class 'torch.optim.sgd.SGD'>,1e-05,0.8,True,2.889836390813192,3.3411518732706704,0.09242576200751744,19.120238542556763,3.8581309244753346,207
50,64,<built-in method relu of type object at 0x7fd97539d780>,0.006,1000,<class 'torch.optim.sgd.SGD'>,1e-05,0.9,True,2.8009139696756997,3.3509658177693686,0.0869789882583532,14.297946532567343,0.8604875272902226,208
75,64,<built-in method relu of type object at 0x7fd97539d780>,0.006,1000,<class 'torch.optim.sgd.SGD'>,0.0001,0.8,True,2.8828651905059814,3.3690303961435952,0.10158968624914666,25.169178167978924,8.55470955592414,209
75,64,<built-in method relu of type object at 0x7fd97539d780>,0.006,1000,<class 'torch.optim.sgd.SGD'>,0.0001,0.7,True,2.9359494050343833,3.373182455698649,0.09380696093836621,25.917869726816814,5.545411388170385,210
100,64,<built-in method relu of type object at 0x7fd97539d780>,0.006,1000,<class 'torch.optim.sgd.SGD'>,0.0001,0.9,True,2.857151905695597,3.381234884262085,0.2621433288599542,13.946134567260742,4.080371625676309,211
75,64,<built-in method relu of type object at 0x7fd97539d780>,0.006,1000,<class 'torch.optim.sgd.SGD'>,0.0006,0.9,True,2.740722974141439,3.3944366772969565,0.16728189541019076,20.46410894393921,8.176342110794751,212
75,64,<built-in method tanh of type object at 0x7fd97539d780>,0.03,1000,<class 'torch.optim.sgd.SGD'>,1e-05,0.7,True,2.8754351139068604,3.3973920345306396,0.2658441339882554,7.529436985651652,1.6209413353577187,213
100,64,<built-in method tanh of type object at 0x7fd97539d780>,0.03,1000,<class 'torch.optim.sgd.SGD'>,1e-05,0.9,True,2.704445759455363,3.4023505051930747,0.18652787417790848,4.417327165603638,0.7259477991209031,214
75,64,<built-in method tanh of type object at 0x7fd97539d780>,0.03,1000,<class 'torch.optim.sgd.SGD'>,1e-05,0.9,True,2.7095643679300943,3.4213147163391113,0.0972545101124345,4.1457836627960205,0.3376100351552468,215
75,64,<built-in method relu of type object at 0x7fd97539d780>,0.006,1000,<class 'torch.optim.sgd.SGD'>,0.0006,0.8,True,3.0092268784840903,3.4278040726979575,0.16988971420260124,23.34219257036845,10.417605690424228,216
50,64,<built-in method relu of type object at 0x7fd97539d780>,0.006,1000,<class 'torch.optim.sgd.SGD'>,0.0006,0.8,True,2.9443028767903647,3.4451319376627603,0.20009208426771416,26.326531410217285,10.725337177263903,217
100,64,<built-in method tanh of type object at 0x7fd97539d780>,0.03,1000,<class 'torch.optim.sgd.SGD'>,0.0006,0.7,True,2.9608062903086343,3.4451589584350586,0.21717373692364372,8.725098450978598,2.797649080021695,218
100,64,<built-in method relu of type object at 0x7fd97539d780>,0.006,1000,<class 'torch.optim.sgd.SGD'>,0.0006,0.8,True,2.9472078482309976,3.4478534857432046,0.05431064419971435,26.908933957417805,10.203531524981134,219
100,64,<built-in method tanh of type object at 0x7fd97539d780>,0.03,1000,<class 'torch.optim.sgd.SGD'>,0.0001,0.9,True,2.593506097793579,3.4516941706339517,0.26743768815431324,4.502095460891724,0.7113187492020274,220
100,64,<built-in method tanh of type object at 0x7fd97539d780>,0.03,1000,<class 'torch.optim.sgd.SGD'>,0.0003,0.7,True,3.0925960540771484,3.463801463445028,0.03836977047655944,6.03755768140157,0.1953994944883506,221
100,64,<built-in method tanh of type object at 0x7fd97539d780>,0.03,1000,<class 'torch.optim.sgd.SGD'>,0.0003,0.8,True,2.8563458919525146,3.46933643023173,0.24919019685523444,5.369410594304402,1.0384959245624608,222
75,64,<built-in method tanh of type object at 0x7fd97539d780>,0.03,1000,<class 'torch.optim.sgd.SGD'>,0.0003,0.9,True,2.794608990351359,3.4736950397491455,0.38660689623772043,3.647413889567057,0.3316508890404869,223
50,64,<built-in method relu of type object at 0x7fd97539d780>,0.006,1000,<class 'torch.optim.sgd.SGD'>,0.0001,0.8,True,3.016056537628174,3.484196980794271,0.11581374340804461,21.848921537399292,5.615956169840387,224
100,64,<built-in method tanh of type object at 0x7fd97539d780>,0.03,1000,<class 'torch.optim.sgd.SGD'>,1e-05,0.7,True,2.934495210647583,3.4845292568206787,0.2815297258389085,7.180421590805054,1.5246784187922784,225
50,64,<built-in method relu of type object at 0x7fd97539d780>,0.006,1000,<class 'torch.optim.sgd.SGD'>,0.0003,0.8,True,3.111523389816284,3.5376474062601724,0.35679750971434043,21.219977140426636,4.562275487040702,226
75,64,<built-in method relu of type object at 0x7fd97539d780>,0.006,1000,<class 'torch.optim.sgd.SGD'>,0.0006,0.7,True,3.175512154897054,3.5500731468200684,0.2221021192726311,26.938836336135864,7.145492430145858,227
50,64,<built-in method relu of type object at 0x7fd97539d780>,0.01,1000,<class 'torch.optim.sgd.SGD'>,1e-05,0.7,True,3.165666421254476,3.55342165629069,0.12737140562948418,22.003705819447834,7.3981551550410565,228
75,64,<built-in method relu of type object at 0x7fd97539d780>,0.006,1000,<class 'torch.optim.sgd.SGD'>,1e-05,0.9,True,2.954154888788859,3.5657616456349692,0.2576150956533454,19.93270142873128,2.5503710886347393,229
100,64,<built-in method tanh of type object at 0x7fd97539d780>,0.03,1000,<class 'torch.optim.sgd.SGD'>,1e-05,0.8,True,3.054203748703003,3.5686752796173096,0.10526863715195951,4.883432388305664,0.7526229012890256,230
100,64,<built-in method relu of type object at 0x7fd97539d780>,0.006,1000,<class 'torch.optim.sgd.SGD'>,0.0003,0.8,True,3.0399130980173745,3.568920691808065,0.4080813864737176,27.67403507232666,7.366831039381691,231
50,64,<built-in method relu of type object at 0x7fd97539d780>,0.01,1000,<class 'torch.optim.sgd.SGD'>,1e-05,0.8,True,3.1484180291493735,3.5692935784657798,0.14637530519465292,9.688710610071817,0.4896492329400213,232
50,64,<built-in method relu of type object at 0x7fd97539d780>,0.01,1000,<class 'torch.optim.sgd.SGD'>,0.0003,0.8,True,3.1975487073262534,3.5721662839253745,0.215165523852023,12.08204698562622,2.0184989218508567,233
100,64,<built-in method tanh of type object at 0x7fd97539d780>,0.03,1000,<class 'torch.optim.sgd.SGD'>,0.0001,0.8,True,3.0414759318033853,3.5753814379374185,0.06633607964803472,5.184317986170451,1.1456554619854187,234
50,64,<built-in method relu of type object at 0x7fd97539d780>,0.006,1000,<class 'torch.optim.sgd.SGD'>,1e-05,0.7,True,3.1399879455566406,3.5837586720784507,0.23190111852208953,33.21943140029907,4.342771213301818,235
75,64,<built-in method relu of type object at 0x7fd97539d780>,0.006,1000,<class 'torch.optim.sgd.SGD'>,0.0003,0.7,True,3.2027522722880044,3.6085145473480225,0.2979997935340036,34.62193218866984,13.398532471564213,236
50,64,<built-in method relu of type object at 0x7fd97539d780>,0.006,1000,<class 'torch.optim.sgd.SGD'>,0.0006,0.9,True,3.1357123057047525,3.615250507990519,0.056577970370952024,24.184586604436237,8.363449078653511,237
50,64,<built-in method relu of type object at 0x7fd97539d780>,0.006,1000,<class 'torch.optim.sgd.SGD'>,0.0001,0.9,True,3.1243225733439126,3.6264496644337973,0.2918926477503629,17.221951961517334,6.557446751299764,238
100,64,<built-in method relu of type object at 0x7fd97539d780>,0.006,1000,<class 'torch.optim.sgd.SGD'>,1e-05,0.7,True,3.103206157684326,3.6287562052408853,0.25672659931622566,36.70694454511007,8.713550037021196,239
75,64,<built-in method relu of type object at 0x7fd97539d780>,0.006,1000,<class 'torch.optim.sgd.SGD'>,0.0001,0.9,True,3.038605054219564,3.6350813706715903,0.4487883553225938,15.70445148150126,2.493614523203746,240
100,64,<built-in method relu of type object at 0x7fd97539d780>,0.006,1000,<class 'torch.optim.sgd.SGD'>,0.0001,0.7,True,3.1496098041534424,3.643627325693766,0.37738584802263814,45.115412632624306,9.346735108150481,241
100,64,<built-in method relu of type object at 0x7fd97539d780>,0.006,1000,<class 'torch.optim.sgd.SGD'>,0.0006,0.7,True,3.348149140675863,3.677802483240763,0.4017026943765358,28.714645624160767,10.452463053285598,242
100,64,<built-in method relu of type object at 0x7fd97539d780>,0.006,1000,<class 'torch.optim.sgd.SGD'>,0.0003,0.7,True,3.273569345474243,3.692505439122518,0.17776606484328142,22.629557212193806,4.0210570292655685,243
50,64,<built-in method relu of type object at 0x7fd97539d780>,0.006,1000,<class 'torch.optim.sgd.SGD'>,0.0006,0.7,True,3.2823514143625894,3.69689933458964,0.22136986410346965,41.51195510228475,11.735413281781303,244
50,64,<built-in method relu of type object at 0x7fd97539d780>,0.01,1000,<class 'torch.optim.sgd.SGD'>,0.0003,0.7,True,3.303560256958008,3.720480521519979,0.11665830940659769,19.633276144663494,1.9481942365328406,245
50,64,<built-in method relu of type object at 0x7fd97539d780>,0.006,1000,<class 'torch.optim.sgd.SGD'>,0.0001,0.7,True,3.3421622117360434,3.731886863708496,0.2565240088309731,31.460526704788208,6.056279062855216,246
75,64,<built-in method relu of type object at 0x7fd97539d780>,0.01,1000,<class 'torch.optim.sgd.SGD'>,0.0001,0.8,True,3.2777876059214273,3.7666913668314614,0.1308655029854589,10.16060733795166,3.8597032858211855,247
75,64,<built-in method relu of type object at 0x7fd97539d780>,0.01,1000,<class 'torch.optim.sgd.SGD'>,0.0001,0.7,True,3.418179194132487,3.7867178916931152,0.4825973583864526,14.944335540135702,2.727909995665278,248
100,64,<built-in method relu of type object at 0x7fd97539d780>,0.006,1000,<class 'torch.optim.sgd.SGD'>,0.0006,0.9,True,3.396909316380819,3.8013978004455566,0.4074842846579907,17.145699580510456,4.314166879162089,249
100,64,<built-in method relu of type object at 0x7fd97539d780>,0.01,1000,<class 'torch.optim.sgd.SGD'>,0.0001,0.7,True,3.4020159244537354,3.813318649927775,0.11902141002092133,17.40714732805888,3.717064967401106,250
75,64,<built-in method relu of type object at 0x7fd97539d780>,0.01,1000,<class 'torch.optim.sgd.SGD'>,0.0003,0.7,True,3.5515753428141275,3.8268298308054605,0.19143761521987654,18.964390754699707,6.194573213970841,251
100,64,<built-in method relu of type object at 0x7fd97539d780>,0.006,1000,<class 'torch.optim.sgd.SGD'>,1e-05,0.9,True,3.1902716954549155,3.8402172724405923,0.43528891242188056,15.670110702514648,3.4902131710473747,252
75,64,<built-in method relu of type object at 0x7fd97539d780>,0.006,1000,<class 'torch.optim.sgd.SGD'>,1e-05,0.8,True,3.3724681536356607,3.842850844065348,0.351660447638631,27.899467547734577,4.8594843926846245,253
75,64,<built-in method relu of type object at 0x7fd97539d780>,0.006,1000,<class 'torch.optim.sgd.SGD'>,0.0003,0.8,True,3.362553119659424,3.8616546789805093,0.41247565814494397,41.32095527648926,3.685785762676731,254
100,64,<built-in method relu of type object at 0x7fd97539d780>,0.006,1000,<class 'torch.optim.sgd.SGD'>,1e-05,0.8,True,3.48598575592041,3.867099126180013,0.365310712698215,25.578890403111775,5.99255981218027,255
100,64,<built-in method relu of type object at 0x7fd97539d780>,0.006,1000,<class 'torch.optim.sgd.SGD'>,0.0001,0.8,True,3.3856523036956787,3.867376963297526,0.38253069165823683,22.163335641225178,3.280917627023188,256
75,64,<built-in method relu of type object at 0x7fd97539d780>,0.01,1000,<class 'torch.optim.sgd.SGD'>,0.0001,0.9,True,3.422993818918864,3.8769708474477134,0.29888668169610855,8.311304966608683,1.4023955663339742,257
75,64,<built-in method relu of type object at 0x7fd97539d780>,0.006,1000,<class 'torch.optim.sgd.SGD'>,1e-05,0.7,True,3.4691661993662515,3.8816710313161216,0.35761280983937155,28.959237893422443,7.936310827721456,258
50,64,<built-in method relu of type object at 0x7fd97539d780>,0.01,1000,<class 'torch.optim.sgd.SGD'>,0.0006,0.9,True,3.3807859420776367,3.9129415353139243,0.48121074762359023,14.902696212132772,4.956581211117304,259
50,64,<built-in method relu of type object at 0x7fd97539d780>,0.01,1000,<class 'torch.optim.sgd.SGD'>,0.0001,0.8,True,3.5344889163970947,3.9200278917948403,0.14444667281792323,11.610703945159912,3.248049079807816,260
75,64,<built-in method relu of type object at 0x7fd97539d780>,0.01,1000,<class 'torch.optim.sgd.SGD'>,1e-05,0.7,True,3.5389848550160727,3.925151745478312,0.30409418909063873,11.868638277053833,0.7428589212527759,261
75,64,<built-in method relu of type object at 0x7fd97539d780>,0.01,1000,<class 'torch.optim.sgd.SGD'>,0.0003,0.9,True,3.4785505135854087,3.9366471767425537,0.15324684489562032,8.110048294067383,3.761472124105665,262
75,64,<built-in method relu of type object at 0x7fd97539d780>,0.01,1000,<class 'torch.optim.sgd.SGD'>,0.0003,0.8,True,3.4348546663920083,3.945546785990397,0.3451044925672809,12.584044059117636,2.919494947760272,263
50,64,<built-in method relu of type object at 0x7fd97539d780>,0.006,1000,<class 'torch.optim.sgd.SGD'>,0.0003,0.9,True,3.5044759114583335,3.9459086259206138,0.25698858995386104,14.494563261667887,2.3135912696994514,264
75,64,<built-in method relu of type object at 0x7fd97539d780>,0.01,1000,<class 'torch.optim.sgd.SGD'>,1e-05,0.8,True,3.660421450932821,3.967315435409546,0.4957717330977667,11.562636613845825,3.7681577628334115,265
75,64,<built-in method relu of type object at 0x7fd97539d780>,0.01,1000,<class 'torch.optim.sgd.SGD'>,0.0006,0.8,True,3.596825440724691,3.987015167872111,0.260499249971972,15.912451028823853,5.651396375198601,266
50,64,<built-in method relu of type object at 0x7fd97539d780>,0.01,1000,<class 'torch.optim.sgd.SGD'>,0.0006,0.7,True,3.640125036239624,3.9906665484110513,0.3808241169391711,11.834960540135702,2.730731951138476,267
50,64,<built-in method relu of type object at 0x7fd97539d780>,0.01,1000,<class 'torch.optim.sgd.SGD'>,0.0003,0.9,True,3.667964299519857,3.992910861968994,0.36329235257219566,7.857800483703613,1.965421058658891,268
100,64,<built-in method relu of type object at 0x7fd97539d780>,0.006,1000,<class 'torch.optim.sgd.SGD'>,0.0003,0.9,True,3.518925905227661,3.9935031731923423,0.25411476980029485,21.344978888829548,4.707525145619387,269
100,64,<built-in method relu of type object at 0x7fd97539d780>,0.01,1000,<class 'torch.optim.sgd.SGD'>,1e-05,0.8,True,3.6479135354359946,4.0283199946085615,0.6129620678676596,9.842223962148031,1.8847320074978162,270
100,64,<built-in method relu of type object at 0x7fd97539d780>,0.01,1000,<class 'torch.optim.sgd.SGD'>,1e-05,0.7,True,3.6553255716959634,4.033527612686157,0.4707503201308828,11.617144425710043,3.099594995111368,271
50,64,<built-in method relu of type object at 0x7fd97539d780>,0.01,1000,<class 'torch.optim.sgd.SGD'>,0.0001,0.7,True,3.761519114176432,4.0988086859385175,0.6100157684724018,19.32259178161621,3.6621473564440983,272
50,64,<built-in method relu of type object at 0x7fd97539d780>,0.01,1000,<class 'torch.optim.sgd.SGD'>,0.0006,0.8,True,3.6751538117726645,4.10439395904541,0.6411154648025256,17.412543932596844,5.069020230475382,273
100,64,<built-in method relu of type object at 0x7fd97539d780>,0.01,1000,<class 'torch.optim.sgd.SGD'>,0.0006,0.8,True,3.6690585613250732,4.159997542699178,0.2837602609657712,13.314492146174112,2.4239558427315298,274
75,64,<built-in method relu of type object at 0x7fd97539d780>,0.006,1000,<class 'torch.optim.sgd.SGD'>,0.0003,0.9,True,3.748459736506144,4.170550346374512,0.08473958223115774,16.620752573013306,5.006501571152652,275
100,64,<built-in method relu of type object at 0x7fd97539d780>,0.01,1000,<class 'torch.optim.sgd.SGD'>,0.0006,0.7,True,3.69374410311381,4.190806945164998,0.5414440468458539,19.729121287663776,2.5914549610229374,276
100,64,<built-in method relu of type object at 0x7fd97539d780>,0.01,1000,<class 'torch.optim.sgd.SGD'>,0.0006,0.9,True,3.7381444772084556,4.191075245539348,0.5946191534040451,7.7642442385355634,1.5455509240982679,277
100,64,<built-in method relu of type object at 0x7fd97539d780>,0.01,1000,<class 'torch.optim.sgd.SGD'>,1e-05,0.9,True,3.6752700010935464,4.202951272328694,0.3318716411180389,8.518035411834717,0.3597998418124277,278
100,64,<built-in method relu of type object at 0x7fd97539d780>,0.01,1000,<class 'torch.optim.sgd.SGD'>,0.0001,0.8,True,3.7324424584706626,4.2124104499816895,0.7581503208531478,12.602020502090454,1.0667145416296018,279
75,64,<built-in method relu of type object at 0x7fd97539d780>,0.01,1000,<class 'torch.optim.sgd.SGD'>,0.0006,0.7,True,3.9658557573954263,4.253992001215617,0.4031432679618137,18.11462926864624,5.976674211441688,280
100,64,<built-in method relu of type object at 0x7fd97539d780>,0.01,1000,<class 'torch.optim.sgd.SGD'>,0.0003,0.7,True,3.9161385695139566,4.256549676259358,0.15247278867069344,14.996081113815308,4.352329941955422,281
100,64,<built-in method relu of type object at 0x7fd97539d780>,0.01,1000,<class 'torch.optim.sgd.SGD'>,0.0003,0.8,True,3.929814418156942,4.266108592351277,0.2837464502719759,12.324105898539225,1.0586154600305178,282
75,64,<built-in method relu of type object at 0x7fd97539d780>,0.01,1000,<class 'torch.optim.sgd.SGD'>,1e-05,0.9,True,3.902137120564779,4.346762816111247,0.2581901948685633,9.367715756098429,2.204871874746443,283
50,64,<built-in method relu of type object at 0x7fd97539d780>,0.01,1000,<class 'torch.optim.sgd.SGD'>,1e-05,0.9,True,3.8933099110921225,4.366064786911011,0.24952375629070278,9.80684224764506,1.4773153551567855,284
50,64,<built-in method relu of type object at 0x7fd97539d780>,0.01,1000,<class 'torch.optim.sgd.SGD'>,0.0001,0.9,True,4.027551492055257,4.378306229909261,0.33824677126452013,11.914400418599447,4.82474719636772,285
100,64,<built-in method relu of type object at 0x7fd97539d780>,0.01,1000,<class 'torch.optim.sgd.SGD'>,0.0003,0.9,True,3.8905654748280845,4.4647871653238935,0.18288721629806945,9.536943038304647,3.9383806058779727,286
75,64,<built-in method relu of type object at 0x7fd97539d780>,0.01,1000,<class 'torch.optim.sgd.SGD'>,0.0006,0.9,True,4.152814467748006,4.607133706410726,0.37956652523117707,10.88710085550944,3.110628698089289,287
100,64,<built-in method relu of type object at 0x7fd97539d780>,0.01,1000,<class 'torch.optim.sgd.SGD'>,0.0001,0.9,True,4.259471257527669,4.831873734792073,0.48098762498157327,8.073218981424967,2.778008024950841,288
50,64,<built-in method relu of type object at 0x7fd97539d780>,0.03,1000,<class 'torch.optim.sgd.SGD'>,0.0003,0.7,True,4.721520741780599,4.910943190256755,0.3226010389904001,5.643862962722778,1.1134863593646571,289
50,64,<built-in method relu of type object at 0x7fd97539d780>,0.03,1000,<class 'torch.optim.sgd.SGD'>,1e-05,0.7,True,5.168475151062012,5.26840861638387,0.3693457749456285,3.4758203824361167,0.39289696257857853,290
100,64,<built-in method relu of type object at 0x7fd97539d780>,0.03,1000,<class 'torch.optim.sgd.SGD'>,0.0006,0.7,True,5.1352219581604,5.38197120030721,0.48325861972182993,4.890136082967122,1.3696582201667247,291
100,64,<built-in method relu of type object at 0x7fd97539d780>,0.03,1000,<class 'torch.optim.sgd.SGD'>,0.0001,0.8,True,5.203235785166423,5.446794033050537,1.0035178727759029,3.467249949773153,0.6434353158861352,292
75,64,<built-in method relu of type object at 0x7fd97539d780>,0.03,1000,<class 'torch.optim.sgd.SGD'>,0.0001,0.9,True,5.141765435536702,5.4600958824157715,0.8009977094032901,3.6572631200154624,0.08144014941195114,293
100,64,<built-in method relu of type object at 0x7fd97539d780>,0.03,1000,<class 'torch.optim.sgd.SGD'>,0.0001,0.7,True,5.139023939768474,5.477938969930013,0.14354328163207605,4.820653676986694,1.267607059633782,294
75,64,<built-in method relu of type object at 0x7fd97539d780>,0.03,1000,<class 'torch.optim.sgd.SGD'>,0.0006,0.7,True,5.258618990580241,5.479454358418782,0.5305702400325403,4.394800504048665,1.0104283244213736,295
100,64,<built-in method relu of type object at 0x7fd97539d780>,0.03,1000,<class 'torch.optim.sgd.SGD'>,0.0003,0.8,True,5.197440465291341,5.486377557118733,0.08579498877046049,5.814351558685303,1.5571447800182991,296
50,64,<built-in method relu of type object at 0x7fd97539d780>,0.03,1000,<class 'torch.optim.sgd.SGD'>,0.0001,0.7,True,5.3778761227925616,5.527267932891846,0.6377036423488938,6.254761457443237,3.2873326883130285,297
75,64,<built-in method relu of type object at 0x7fd97539d780>,0.03,1000,<class 'torch.optim.sgd.SGD'>,0.0003,0.7,True,5.313403924306233,5.537145137786865,0.4346716260497631,4.384576638539632,1.2121031951808996,298
75,64,<built-in method relu of type object at 0x7fd97539d780>,0.03,1000,<class 'torch.optim.sgd.SGD'>,0.0003,0.9,True,5.313628991444905,5.572254021962483,0.3852213190541015,3.7730700969696045,0.7165768076855125,299
100,64,<built-in method relu of type object at 0x7fd97539d780>,0.03,1000,<class 'torch.optim.sgd.SGD'>,1e-05,0.8,True,5.482025305430095,5.613561789194743,0.8291229008619562,3.8678342501322427,0.5941916068644745,300
75,64,<built-in method relu of type object at 0x7fd97539d780>,0.03,1000,<class 'torch.optim.sgd.SGD'>,0.0001,0.7,True,5.456705570220947,5.7061238288879395,0.1820095099117453,5.052799383799235,2.2663792498541073,301
75,64,<built-in method relu of type object at 0x7fd97539d780>,0.03,1000,<class 'torch.optim.sgd.SGD'>,1e-05,0.7,True,5.427426020304362,5.7138058344523115,0.7457373775754971,4.759047826131185,0.35216307126864677,302
100,64,<built-in method relu of type object at 0x7fd97539d780>,0.03,1000,<class 'torch.optim.sgd.SGD'>,0.0003,0.9,True,5.430015405019124,5.822860240936279,0.26192946543632994,5.404515663782756,1.4619586278272307,303
100,64,<built-in method relu of type object at 0x7fd97539d780>,0.03,1000,<class 'torch.optim.sgd.SGD'>,0.0006,0.9,True,5.320736090342204,5.838762283325195,0.8761371557188004,6.5912972291310625,3.6776561714890335,304
100,64,<built-in method relu of type object at 0x7fd97539d780>,0.03,1000,<class 'torch.optim.sgd.SGD'>,0.0006,0.8,True,5.5298458735148115,5.8403639793396,0.07429989863473328,6.881827751795451,2.569074034433538,305
75,64,<built-in method relu of type object at 0x7fd97539d780>,0.03,1000,<class 'torch.optim.sgd.SGD'>,0.0001,0.8,True,5.687960942586263,5.93442980448405,0.6483610155492331,4.3835664590199785,0.9051282586932383,306
50,64,<built-in method relu of type object at 0x7fd97539d780>,0.03,1000,<class 'torch.optim.sgd.SGD'>,1e-05,0.8,True,5.706647237141927,5.942932605743408,0.42609363641269,5.008304754892985,0.9081955355283585,307
75,64,<built-in method relu of type object at 0x7fd97539d780>,0.03,1000,<class 'torch.optim.sgd.SGD'>,0.0006,0.9,True,5.622437318166097,5.9556989669799805,0.24726403453595922,3.8746256033579507,0.9289997278408315,308
50,64,<built-in method relu of type object at 0x7fd97539d780>,0.03,1000,<class 'torch.optim.sgd.SGD'>,0.0003,0.9,True,5.6253024737040205,5.978957017262776,0.7429220406984056,3.812769651412964,0.7711411032137638,309
50,64,<built-in method relu of type object at 0x7fd97539d780>,0.03,1000,<class 'torch.optim.sgd.SGD'>,0.0006,0.9,True,5.7837700843811035,5.9954609870910645,0.6105792376804318,4.3844038645426435,1.0572600321062118,310
50,64,<built-in method relu of type object at 0x7fd97539d780>,0.03,1000,<class 'torch.optim.sgd.SGD'>,1e-05,0.9,True,5.6794179280598955,6.030879179636638,0.4672688238799895,5.966418107350667,1.6637979263515734,311
75,64,<built-in method relu of type object at 0x7fd97539d780>,0.03,1000,<class 'torch.optim.sgd.SGD'>,0.0003,0.8,True,5.8057254155476885,6.031572659810384,0.20346903220093895,4.794330994288127,0.757051283128298,312
50,64,<built-in method relu of type object at 0x7fd97539d780>,0.03,1000,<class 'torch.optim.sgd.SGD'>,0.0006,0.7,True,5.84932009379069,6.105516115824382,0.44769188277700844,5.266660690307617,0.6716338257649956,313
50,64,<built-in method relu of type object at 0x7fd97539d780>,0.03,1000,<class 'torch.optim.sgd.SGD'>,0.0001,0.9,True,5.558360894521077,6.117753505706787,1.2817566295996634,9.264482100804647,1.951196065795057,314
50,64,<built-in method relu of type object at 0x7fd97539d780>,0.03,1000,<class 'torch.optim.sgd.SGD'>,0.0003,0.8,True,6.020418008168538,6.193043390909831,0.5035137601292364,5.554714918136597,1.4839202031042287,315
100,64,<built-in method relu of type object at 0x7fd97539d780>,0.03,1000,<class 'torch.optim.sgd.SGD'>,0.0003,0.7,True,5.905560811360677,6.211758454640706,0.5038780843103614,7.221479256947835,2.8562461166876267,316
75,64,<built-in method relu of type object at 0x7fd97539d780>,0.03,1000,<class 'torch.optim.sgd.SGD'>,0.0006,0.8,True,5.9392140706380205,6.278793017069499,0.4041058900155823,4.704976797103882,1.2623083847727175,317
50,64,<built-in method relu of type object at 0x7fd97539d780>,0.03,1000,<class 'torch.optim.sgd.SGD'>,0.0001,0.8,True,5.9512302080790205,6.289894898732503,0.7565768719040046,5.275651772816976,1.532372296731628,318
100,64,<built-in method relu of type object at 0x7fd97539d780>,0.03,1000,<class 'torch.optim.sgd.SGD'>,0.0001,0.9,True,6.026439507802327,6.431636492411296,0.253950799448928,3.7446266810099282,0.642857893325961,319
50,64,<built-in method relu of type object at 0x7fd97539d780>,0.03,1000,<class 'torch.optim.sgd.SGD'>,0.0006,0.8,True,6.289501349131267,6.632787863413493,0.7277262431356363,5.651471217473348,1.2080692942311584,320
75,64,<built-in method relu of type object at 0x7fd97539d780>,0.03,1000,<class 'torch.optim.sgd.SGD'>,1e-05,0.9,True,6.292445182800293,6.705637613932292,0.3157557580715278,5.092801729838054,0.2174670731215643,321
75,64,<built-in method relu of type object at 0x7fd97539d780>,0.03,1000,<class 'torch.optim.sgd.SGD'>,1e-05,0.8,True,6.287662029266357,6.710840384165446,0.7534732225420314,6.129026969273885,2.0217742520973383,322
100,64,<built-in method relu of type object at 0x7fd97539d780>,0.03,1000,<class 'torch.optim.sgd.SGD'>,1e-05,0.9,True,6.421326796213786,6.808230559031169,0.41646190402985506,4.956158081690471,1.4629627401532679,323
100,64,<built-in method relu of type object at 0x7fd97539d780>,0.03,1000,<class 'torch.optim.sgd.SGD'>,1e-05,0.7,True,6.471424261728923,6.815236886342366,1.0076501091654642,7.166762034098308,3.153163536376588,324
