#Units,batch_size,lr,max_epochs,optimizer,weight_decay,momentum,mean_train_score,mean_val_score,std_train_score,rank_val_score
100,64,0.01,1000,<class 'torch.optim.sgd.SGD'>,0.0001,0.6,2.3728058338165283,3.1063615481058755,0.08982981028180843,1
50,64,0.01,1000,<class 'torch.optim.sgd.SGD'>,0.0001,0.6,2.538460652033488,3.119987964630127,0.1547783828108929,2
50,64,0.01,1000,<class 'torch.optim.sgd.SGD'>,0.001,0.6,2.6226518154144287,3.151587724685669,0.1372322883462421,3
100,128,0.01,1000,<class 'torch.optim.sgd.SGD'>,0.0001,0.6,2.597214619318644,3.159680128097534,0.05641491926177335,4
100,64,0.01,1000,<class 'torch.optim.sgd.SGD'>,0.0,0.2,2.653942028681437,3.1605446338653564,0.1357982939867261,5
100,128,0.01,1000,<class 'torch.optim.sgd.SGD'>,0.001,0.8,2.4919306437174478,3.1746224562327066,0.18367283471963078,6
100,64,0.01,1000,<class 'torch.optim.sgd.SGD'>,0.0001,0.2,2.63432240486145,3.176234801610311,0.09675781109857602,7
100,256,0.01,1000,<class 'torch.optim.sgd.SGD'>,0.0,0.8,2.562021573384603,3.1811797618865967,0.05323287938873373,8
50,64,0.01,1000,<class 'torch.optim.sgd.SGD'>,0.0,0.2,2.72366730372111,3.182413101196289,0.08086106009988935,9
100,64,0.01,1000,<class 'torch.optim.sgd.SGD'>,0.001,0.2,2.663043737411499,3.183406670888265,0.1255026435699254,10
100,64,0.01,1000,<class 'torch.optim.sgd.SGD'>,0.0,0.6,2.373517115910848,3.186919609705607,0.09070662536457101,11
50,64,0.01,1000,<class 'torch.optim.sgd.SGD'>,0.001,0.2,2.714316209157308,3.2034414609273276,0.09524359508814373,12
50,64,0.01,1000,<class 'torch.optim.sgd.SGD'>,0.0,0.6,2.5611155033111572,3.203508456548055,0.1510964199157178,13
50,64,0.01,1000,<class 'torch.optim.sgd.SGD'>,0.0001,0.2,2.710268576939901,3.211773077646891,0.04925402270729081,14
50,128,0.01,1000,<class 'torch.optim.sgd.SGD'>,0.001,0.6,2.7100918292999268,3.221709966659546,0.1014515969777803,15
50,128,0.01,1000,<class 'torch.optim.sgd.SGD'>,0.0001,0.6,2.7666893005371094,3.2286524772644043,0.0431617379924497,16
50,256,0.01,1000,<class 'torch.optim.sgd.SGD'>,0.0,0.8,2.7499097983042398,3.246925195058187,0.17329935404666236,17
50,64,0.01,1000,<class 'torch.optim.sgd.SGD'>,0.0,0.0,2.8631808757781982,3.250505208969116,0.03171411698945626,18
100,64,0.01,1000,<class 'torch.optim.sgd.SGD'>,0.0,0.0,2.7797261079152427,3.2559534708658853,0.07603192626533947,19
100,128,0.01,1000,<class 'torch.optim.sgd.SGD'>,0.0,0.6,2.6572200457255044,3.256659825642904,0.06371752469344494,20
50,128,0.01,1000,<class 'torch.optim.sgd.SGD'>,0.0001,0.2,2.913484573364258,3.259161631266276,0.11394200129282513,21
100,64,0.01,1000,<class 'torch.optim.sgd.SGD'>,0.001,0.0,2.78686515490214,3.265443801879883,0.04636313018624251,22
100,256,0.01,1000,<class 'torch.optim.sgd.SGD'>,0.001,0.8,2.6933303674062095,3.2677634557088218,0.017290142159702166,23
50,256,0.01,1000,<class 'torch.optim.sgd.SGD'>,0.001,0.8,2.769846041997274,3.2694692611694336,0.13748479513762396,24
100,128,0.01,1000,<class 'torch.optim.sgd.SGD'>,0.001,0.2,2.8588672478993735,3.2712203661600747,0.0869788554756742,25
100,128,0.01,1000,<class 'torch.optim.sgd.SGD'>,0.0001,0.2,2.866236448287964,3.272543986638387,0.11118375724821945,26
100,64,0.001,1000,<class 'torch.optim.sgd.SGD'>,0.0,0.8,2.881497065226237,3.274529774983724,0.1310627790171026,27
100,64,0.01,1000,<class 'torch.optim.sgd.SGD'>,0.0001,0.0,2.773136615753174,3.2747081915537515,0.04350937174506956,28
100,64,0.001,1000,<class 'torch.optim.sgd.SGD'>,0.0001,0.8,2.913944959640503,3.286733627319336,0.11245643736719073,29
100,256,0.01,1000,<class 'torch.optim.sgd.SGD'>,0.0001,0.8,2.632240136464437,3.2955365975697837,0.12241295173251962,30
50,64,0.01,1000,<class 'torch.optim.sgd.SGD'>,0.0001,0.0,2.8823722998301187,3.299998680750529,0.09871264479693767,31
100,64,0.001,1000,<class 'torch.optim.sgd.SGD'>,0.001,0.8,2.9404130776723227,3.3029443422953286,0.10958449813686423,32
50,128,0.01,1000,<class 'torch.optim.sgd.SGD'>,0.0,0.6,2.829702059427897,3.3032777309417725,0.17657524250393314,33
100,128,0.01,1000,<class 'torch.optim.sgd.SGD'>,0.0,0.2,2.922278722127279,3.30900239944458,0.06729069589632102,34
100,64,0.01,1000,<class 'torch.optim.sgd.SGD'>,0.001,0.6,2.5890793800354004,3.3112314542134604,0.12008919788878145,35
50,64,0.01,1000,<class 'torch.optim.sgd.SGD'>,0.001,0.0,2.854353348414103,3.313373247782389,0.19300165484881762,36
100,128,0.01,1000,<class 'torch.optim.sgd.SGD'>,0.001,0.6,2.717033624649048,3.314322312672933,0.16975045409495995,37
50,128,0.01,1000,<class 'torch.optim.sgd.SGD'>,0.0,0.2,2.9719847043355307,3.3166677951812744,0.054165011270451674,38
50,64,0.001,1000,<class 'torch.optim.sgd.SGD'>,0.001,0.8,2.9652770360310874,3.3168818950653076,0.10778094325078508,39
50,256,0.01,1000,<class 'torch.optim.sgd.SGD'>,0.0001,0.8,2.783974011739095,3.323908011118571,0.07312219206036685,40
50,64,0.001,1000,<class 'torch.optim.sgd.SGD'>,0.0001,0.8,2.9895766576131186,3.324308236440023,0.09674415008125649,41
50,256,0.01,1000,<class 'torch.optim.sgd.SGD'>,0.001,0.6,2.987943649291992,3.334341049194336,0.10820584678604829,42
50,128,0.01,1000,<class 'torch.optim.sgd.SGD'>,0.001,0.2,2.9736523628234863,3.3387087186177573,0.13504091826316406,43
50,64,0.01,1000,<class 'torch.optim.sgd.SGD'>,0.0,0.8,2.5504234631856284,3.3449509938557944,0.035434754118827363,44
50,64,0.001,1000,<class 'torch.optim.sgd.SGD'>,0.0,0.8,3.029832204182943,3.3510032494862876,0.073199733228738,45
100,64,0.01,1000,<class 'torch.optim.sgd.SGD'>,0.001,0.8,2.5472490787506104,3.3561055660247803,0.039156732938682326,46
50,128,0.01,1000,<class 'torch.optim.sgd.SGD'>,0.0001,0.0,3.0313006242116294,3.3598644733428955,0.04378623296449067,47
100,128,0.01,1000,<class 'torch.optim.sgd.SGD'>,0.0001,0.0,3.030583143234253,3.368341604868571,0.07023721531298995,48
100,256,0.01,1000,<class 'torch.optim.sgd.SGD'>,0.001,0.6,2.9410013357798257,3.373851219813029,0.10473589375842243,49
50,64,0.01,1000,<class 'torch.optim.sgd.SGD'>,0.0001,0.8,2.661111831665039,3.3870147864023843,0.11462326255682895,50
50,128,0.01,1000,<class 'torch.optim.sgd.SGD'>,0.0,0.0,3.091005245844523,3.3882702191670737,0.12466758848186861,51
100,128,0.01,1000,<class 'torch.optim.sgd.SGD'>,0.0,0.0,3.020998160044352,3.3910651206970215,0.15420916163023382,52
50,128,0.01,1000,<class 'torch.optim.sgd.SGD'>,0.001,0.0,3.0881625016530356,3.3925869464874268,0.06667989832250974,53
100,128,0.01,1000,<class 'torch.optim.sgd.SGD'>,0.001,0.0,3.0290810267130532,3.3943487803141275,0.11576895940950663,54
100,256,0.01,1000,<class 'torch.optim.sgd.SGD'>,0.0001,0.6,2.9407586256663003,3.394925355911255,0.13856178655912643,55
50,128,0.01,1000,<class 'torch.optim.sgd.SGD'>,0.001,0.8,2.822890520095825,3.4105143547058105,0.003018456618002977,56
50,64,0.01,1000,<class 'torch.optim.sgd.SGD'>,0.001,0.8,2.773738145828247,3.419112046559652,0.21002307884703936,57
50,128,0.01,1000,<class 'torch.optim.sgd.SGD'>,0.0001,0.8,2.93643856048584,3.4194259643554688,0.1372400895894124,58
100,256,0.01,1000,<class 'torch.optim.sgd.SGD'>,0.0,0.6,2.973334630330404,3.4256579081217446,0.2062932490053339,59
100,128,0.01,1000,<class 'torch.optim.sgd.SGD'>,0.0001,0.8,2.7113338311513266,3.4286065896352134,0.2882344524029217,60
100,128,0.01,1000,<class 'torch.optim.sgd.SGD'>,0.0,0.8,2.6681431929270425,3.435007095336914,0.3287657744669751,61
50,256,0.01,1000,<class 'torch.optim.sgd.SGD'>,0.0,0.6,3.0349239508310952,3.4402314027150473,0.13696851171903845,62
50,256,0.01,1000,<class 'torch.optim.sgd.SGD'>,0.0001,0.6,3.0704969565073648,3.4466731548309326,0.15890175269467544,63
100,256,0.01,1000,<class 'torch.optim.sgd.SGD'>,0.001,0.2,3.167628208796183,3.4657015800476074,0.13917229172138348,64
100,256,0.01,1000,<class 'torch.optim.sgd.SGD'>,0.0001,0.2,3.1749170621236167,3.467254082361857,0.10788188808607937,65
100,256,0.01,1000,<class 'torch.optim.sgd.SGD'>,0.0,0.2,3.1424638430277505,3.4677327473958335,0.14987480554429736,66
50,256,0.01,1000,<class 'torch.optim.sgd.SGD'>,0.001,0.2,3.293832540512085,3.538243850072225,0.10305243771503997,67
50,256,0.01,1000,<class 'torch.optim.sgd.SGD'>,0.0001,0.2,3.2921698888142905,3.5602928002675376,0.11027080406864379,68
100,64,0.01,1000,<class 'torch.optim.sgd.SGD'>,0.0001,0.8,2.5254371960957847,3.5649167696634927,0.09302837726713309,69
100,64,0.01,1000,<class 'torch.optim.sgd.SGD'>,0.0,0.8,2.6531956990559897,3.5878258546193442,0.06905548992684397,70
100,128,0.001,1000,<class 'torch.optim.sgd.SGD'>,0.0,0.8,3.343980312347412,3.6014110247294107,0.15491848677779937,71
50,256,0.01,1000,<class 'torch.optim.sgd.SGD'>,0.0001,0.0,3.3556926250457764,3.6080506642659507,0.09622256479233413,72
50,256,0.01,1000,<class 'torch.optim.sgd.SGD'>,0.0,0.2,3.3399484952290854,3.610084851582845,0.15852880223600596,73
100,256,0.01,1000,<class 'torch.optim.sgd.SGD'>,0.001,0.0,3.304190715154012,3.612196127573649,0.07782475653095161,74
50,128,0.01,1000,<class 'torch.optim.sgd.SGD'>,0.0,0.8,3.0407944520314536,3.623642603556315,0.6764740469533882,75
100,256,0.01,1000,<class 'torch.optim.sgd.SGD'>,0.0001,0.0,3.3587963581085205,3.652878522872925,0.043639604008103794,76
50,256,0.01,1000,<class 'torch.optim.sgd.SGD'>,0.0,0.0,3.41784930229187,3.6538474559783936,0.08808846657990016,77
50,128,0.001,1000,<class 'torch.optim.sgd.SGD'>,0.001,0.8,3.454517126083374,3.65936279296875,0.038099518660563776,78
100,128,0.001,1000,<class 'torch.optim.sgd.SGD'>,0.001,0.8,3.3915653228759766,3.6749335130055747,0.07239753382216417,79
100,128,0.001,1000,<class 'torch.optim.sgd.SGD'>,0.0001,0.8,3.4099772771199546,3.6765710512797036,0.07365201928594788,80
50,128,0.001,1000,<class 'torch.optim.sgd.SGD'>,0.0001,0.8,3.452817360560099,3.687636057535807,0.18596081679820117,81
100,64,0.001,1000,<class 'torch.optim.sgd.SGD'>,0.0,0.6,3.4350154399871826,3.6936914126078286,0.15322391421519593,82
100,256,0.01,1000,<class 'torch.optim.sgd.SGD'>,0.0,0.0,3.394482374191284,3.694396734237671,0.18163131664425045,83
50,128,0.001,1000,<class 'torch.optim.sgd.SGD'>,0.0,0.8,3.4687417348225913,3.6960012912750244,0.15857651217386062,84
50,64,0.001,1000,<class 'torch.optim.sgd.SGD'>,0.001,0.6,3.4811860720316568,3.7191290060679116,0.057516906760957526,85
50,256,0.1,1000,<class 'torch.optim.sgd.SGD'>,0.0,0.8,3.157799482345581,3.7266786098480225,0.05732440952849409,86
100,64,0.001,1000,<class 'torch.optim.sgd.SGD'>,0.0001,0.6,3.4802985191345215,3.7460193634033203,0.1254472927891072,87
50,64,0.1,1000,<class 'torch.optim.sgd.SGD'>,0.0001,0.6,3.1151156425476074,3.783000628153483,0.1690775036829755,88
100,64,0.001,1000,<class 'torch.optim.sgd.SGD'>,0.001,0.6,3.5180513858795166,3.7890841960906982,0.01852188187031233,89
50,64,0.001,1000,<class 'torch.optim.sgd.SGD'>,0.0,0.6,3.5462849934895835,3.792041778564453,0.11408302473423583,90
50,64,0.001,1000,<class 'torch.optim.sgd.SGD'>,0.0001,0.6,3.5881105264027915,3.8209036191304526,0.0028368015017569094,91
50,128,0.1,1000,<class 'torch.optim.sgd.SGD'>,0.0001,0.8,3.1423290570576987,3.86610738436381,0.22852144792911117,92
50,64,0.1,1000,<class 'torch.optim.sgd.SGD'>,0.0,0.6,3.07757830619812,3.8688178062438965,0.28391568060269057,93
50,256,0.01,1000,<class 'torch.optim.sgd.SGD'>,0.001,0.0,3.6599056720733643,3.9219836393992105,0.042217615518469906,94
50,256,0.1,1000,<class 'torch.optim.sgd.SGD'>,0.0001,0.8,3.450702349344889,3.994623819986979,0.08413052593759099,95
50,64,0.1,1000,<class 'torch.optim.sgd.SGD'>,0.0,0.8,2.8664387861887612,4.032494306564331,0.46679714181297655,96
50,128,0.1,1000,<class 'torch.optim.sgd.SGD'>,0.0,0.8,3.3361566066741943,4.040165185928345,0.3277723814184308,97
100,256,0.001,1000,<class 'torch.optim.sgd.SGD'>,0.0,0.8,3.891160329182943,4.069352785746257,0.12092677231676793,98
100,128,0.001,1000,<class 'torch.optim.sgd.SGD'>,0.0,0.6,3.9044644037882485,4.093814055124919,0.09814908356140042,99
100,256,0.001,1000,<class 'torch.optim.sgd.SGD'>,0.001,0.8,3.8941383361816406,4.102864821751912,0.12446137583207344,100
100,256,0.001,1000,<class 'torch.optim.sgd.SGD'>,0.0001,0.8,3.9118587970733643,4.104985952377319,0.14478019022430377,101
100,128,0.001,1000,<class 'torch.optim.sgd.SGD'>,0.0001,0.6,3.93584672609965,4.118988990783691,0.11529210144199435,102
50,256,0.001,1000,<class 'torch.optim.sgd.SGD'>,0.0001,0.8,3.953377644220988,4.1401857535044355,0.07197006425956502,103
50,256,0.001,1000,<class 'torch.optim.sgd.SGD'>,0.0,0.8,3.984473625818888,4.1494433879852295,0.07252543801294027,104
50,256,0.001,1000,<class 'torch.optim.sgd.SGD'>,0.001,0.8,3.9875098864237466,4.161476453145345,0.11286263672937008,105
100,256,0.1,1000,<class 'torch.optim.sgd.SGD'>,0.0,0.8,3.270045359929403,4.164826234181722,0.3584327819366836,106
100,128,0.001,1000,<class 'torch.optim.sgd.SGD'>,0.001,0.6,3.9808766841888428,4.172269264856975,0.09905656302252545,107
100,64,0.1,1000,<class 'torch.optim.sgd.SGD'>,0.0,0.6,2.9870421091715493,4.17918602625529,0.17025388067882563,108
100,64,0.001,1000,<class 'torch.optim.sgd.SGD'>,0.001,0.2,3.9922756354014077,4.182770411173503,0.12253938810782974,109
100,64,0.001,1000,<class 'torch.optim.sgd.SGD'>,0.0001,0.2,3.971055507659912,4.1828263600667315,0.09445325339620679,110
100,64,0.001,1000,<class 'torch.optim.sgd.SGD'>,0.0,0.2,4.015865723292033,4.185187816619873,0.1594010972286295,111
50,128,0.001,1000,<class 'torch.optim.sgd.SGD'>,0.0001,0.6,4.013148705164592,4.1863663991292315,0.17559396531959878,112
50,128,0.001,1000,<class 'torch.optim.sgd.SGD'>,0.001,0.6,4.030559142430623,4.1911429564158125,0.1402172935486991,113
50,128,0.001,1000,<class 'torch.optim.sgd.SGD'>,0.0,0.6,4.046987374623616,4.208496650060018,0.08836965888247482,114
50,64,0.001,1000,<class 'torch.optim.sgd.SGD'>,0.0001,0.2,4.061662197113037,4.237405141194661,0.14305471812123188,115
50,64,0.001,1000,<class 'torch.optim.sgd.SGD'>,0.001,0.2,4.074220180511475,4.239553292592366,0.15567869367823678,116
50,64,0.001,1000,<class 'torch.optim.sgd.SGD'>,0.0,0.2,4.082467079162598,4.266551971435547,0.07192018177764771,117
50,64,0.1,1000,<class 'torch.optim.sgd.SGD'>,0.0,0.2,3.703427712122599,4.313130696614583,0.49661355121187,118
50,128,0.1,1000,<class 'torch.optim.sgd.SGD'>,0.001,0.8,3.9146176973978677,4.313138484954834,0.456739980716195,119
100,128,0.1,1000,<class 'torch.optim.sgd.SGD'>,0.0001,0.8,3.5477718512217202,4.337887763977051,0.21764058815163384,120
100,64,0.001,1000,<class 'torch.optim.sgd.SGD'>,0.001,0.0,4.148198127746582,4.348976771036784,0.14487770994288332,121
100,128,0.1,1000,<class 'torch.optim.sgd.SGD'>,0.0,0.8,3.3464667797088623,4.356654008229573,0.3640244576744148,122
50,64,0.1,1000,<class 'torch.optim.sgd.SGD'>,0.0001,0.8,3.4875702063242593,4.359719117482503,0.41084649139151647,123
100,64,0.001,1000,<class 'torch.optim.sgd.SGD'>,0.0001,0.0,4.184486071268718,4.371072451273601,0.11385233593137625,124
100,64,0.001,1000,<class 'torch.optim.sgd.SGD'>,0.0,0.0,4.19532569249471,4.381981372833252,0.09733925156601039,125
50,64,0.001,1000,<class 'torch.optim.sgd.SGD'>,0.0001,0.0,4.226009845733643,4.396868705749512,0.12067953120710909,126
50,64,0.001,1000,<class 'torch.optim.sgd.SGD'>,0.0,0.0,4.247297445933024,4.39984655380249,0.07477113255667082,127
50,64,0.001,1000,<class 'torch.optim.sgd.SGD'>,0.001,0.0,4.275956153869629,4.446398417154948,0.12906693813585784,128
100,256,0.1,1000,<class 'torch.optim.sgd.SGD'>,0.0001,0.8,3.714271863301595,4.591002623240153,0.5141237030981923,129
100,256,0.1,1000,<class 'torch.optim.sgd.SGD'>,0.001,0.8,4.087359269460042,4.600176811218262,0.5396955094402006,130
100,64,0.1,1000,<class 'torch.optim.sgd.SGD'>,0.0,0.2,3.8896067142486572,4.664249976476033,0.60963763766003,131
100,64,0.1,1000,<class 'torch.optim.sgd.SGD'>,0.0,0.0,3.9266392389933267,4.686531146367391,0.5242864148567873,132
50,64,0.1,1000,<class 'torch.optim.sgd.SGD'>,0.001,0.2,4.254902601242065,4.695248365402222,0.4398785972863749,133
100,64,0.1,1000,<class 'torch.optim.sgd.SGD'>,0.0001,0.6,3.7891735235850015,4.70595121383667,0.2931144579093925,134
50,64,0.1,1000,<class 'torch.optim.sgd.SGD'>,0.001,0.8,4.367027997970581,4.746467113494873,0.34891531186304525,135
50,256,0.001,1000,<class 'torch.optim.sgd.SGD'>,0.0,0.6,4.616752624511719,4.770711421966553,0.1357398266554702,136
100,256,0.001,1000,<class 'torch.optim.sgd.SGD'>,0.0001,0.6,4.639270464579265,4.807614167531331,0.15606929577407,137
50,256,0.001,1000,<class 'torch.optim.sgd.SGD'>,0.0001,0.6,4.64042854309082,4.8188581466674805,0.114996647853526,138
50,64,0.1,1000,<class 'torch.optim.sgd.SGD'>,0.001,0.6,4.394558986028035,4.82569162050883,0.6563458225041694,139
50,128,0.1,1000,<class 'torch.optim.sgd.SGD'>,0.0,0.6,4.304003556569417,4.828754266103108,0.47303492108053163,140
50,128,0.1,1000,<class 'torch.optim.sgd.SGD'>,0.0001,0.6,4.363389333089192,4.841047843297322,0.9385708968183231,141
100,256,0.001,1000,<class 'torch.optim.sgd.SGD'>,0.0,0.6,4.649295012156169,4.852795600891113,0.051141825300566136,142
100,256,0.001,1000,<class 'torch.optim.sgd.SGD'>,0.001,0.6,4.665224075317383,4.859854539235433,0.19321432420121787,143
100,64,0.1,1000,<class 'torch.optim.sgd.SGD'>,0.001,0.6,4.277526299158732,4.870431423187256,0.7189938937502207,144
100,128,0.1,1000,<class 'torch.optim.sgd.SGD'>,0.001,0.6,4.39351224899292,4.882623354593913,0.6643665258825606,145
100,128,0.1,1000,<class 'torch.optim.sgd.SGD'>,0.0,0.6,4.155903736750285,4.90916124979655,0.19233812276311646,146
50,256,0.001,1000,<class 'torch.optim.sgd.SGD'>,0.001,0.6,4.732262134552002,4.928971131642659,0.11810883940636349,147
50,128,0.1,1000,<class 'torch.optim.sgd.SGD'>,0.0001,0.2,4.52746057510376,4.949603001276652,0.6701865392596499,148
50,64,0.1,1000,<class 'torch.optim.sgd.SGD'>,0.0001,0.2,4.275301376978557,4.951747179031372,0.8172232346774992,149
100,64,0.1,1000,<class 'torch.optim.sgd.SGD'>,0.0001,0.2,4.388346751530965,4.970305760701497,0.8741446081776737,150
100,64,0.1,1000,<class 'torch.optim.sgd.SGD'>,0.0001,0.8,4.1524092356363935,4.987980047861735,0.3309237296345118,151
50,64,0.1,1000,<class 'torch.optim.sgd.SGD'>,0.0001,0.0,4.462068557739258,4.996750195821126,0.09530550053373145,152
100,128,0.001,1000,<class 'torch.optim.sgd.SGD'>,0.001,0.2,4.8643120129903155,5.038447856903076,0.08273953765579489,153
100,64,0.1,1000,<class 'torch.optim.sgd.SGD'>,0.0001,0.0,4.470354954401652,5.060353914896647,0.44920393796135033,154
100,128,0.1,1000,<class 'torch.optim.sgd.SGD'>,0.0001,0.6,4.384535471598308,5.068991184234619,0.41322042947337373,155
50,128,0.001,1000,<class 'torch.optim.sgd.SGD'>,0.0,0.2,4.881339073181152,5.07613738377889,0.14428474322107698,156
50,64,0.1,1000,<class 'torch.optim.sgd.SGD'>,0.0,0.0,4.598344087600708,5.098137219746907,0.5659171993909493,157
100,64,0.1,1000,<class 'torch.optim.sgd.SGD'>,0.001,0.8,4.608398914337158,5.137739976247151,0.24828597554209234,158
100,128,0.001,1000,<class 'torch.optim.sgd.SGD'>,0.0001,0.2,4.930543104807536,5.141927401224772,0.2136769976340395,159
100,64,0.1,1000,<class 'torch.optim.sgd.SGD'>,0.0,0.8,3.9722763697306314,5.144362449645996,1.1548967251697533,160
50,128,0.001,1000,<class 'torch.optim.sgd.SGD'>,0.0001,0.2,4.956186771392822,5.144536972045898,0.0986174351018039,161
100,128,0.1,1000,<class 'torch.optim.sgd.SGD'>,0.001,0.8,4.719354867935181,5.185684998830159,1.3476935243550063,162
100,128,0.001,1000,<class 'torch.optim.sgd.SGD'>,0.0,0.2,4.996236483256022,5.195359071095784,0.15588102366889187,163
50,256,0.1,1000,<class 'torch.optim.sgd.SGD'>,0.0001,0.6,4.939483165740967,5.221427917480469,0.581548598997139,164
50,128,0.1,1000,<class 'torch.optim.sgd.SGD'>,0.0,0.2,4.885409514109294,5.229551474253337,0.8131784869889396,165
50,128,0.001,1000,<class 'torch.optim.sgd.SGD'>,0.001,0.2,5.162534236907959,5.345688501993815,0.23993230492923093,166
100,64,0.1,1000,<class 'torch.optim.sgd.SGD'>,0.001,0.2,4.8137688636779785,5.3643004099528,0.7935755417122423,167
50,256,0.1,1000,<class 'torch.optim.sgd.SGD'>,0.0,0.6,5.000883420308431,5.368247667948405,0.41812568350393275,168
50,128,0.1,1000,<class 'torch.optim.sgd.SGD'>,0.001,0.6,5.020628929138184,5.438587347666423,0.7129934424660456,169
100,128,0.001,1000,<class 'torch.optim.sgd.SGD'>,0.0001,0.0,5.299837430318196,5.484054406483968,0.10269929894366728,170
100,256,0.1,1000,<class 'torch.optim.sgd.SGD'>,0.001,0.6,5.222053448359172,5.533462127049764,1.1152739387949484,171
50,256,0.1,1000,<class 'torch.optim.sgd.SGD'>,0.001,0.8,5.221202691396077,5.640537103017171,0.31199717998451026,172
100,128,0.001,1000,<class 'torch.optim.sgd.SGD'>,0.0,0.0,5.506806214650472,5.644200483957927,0.11326028400628002,173
50,128,0.001,1000,<class 'torch.optim.sgd.SGD'>,0.0,0.0,5.5838942527771,5.761636416117351,0.10870223028684109,174
100,256,0.1,1000,<class 'torch.optim.sgd.SGD'>,0.0001,0.6,5.161759694417317,5.762796560923259,0.7378862628626974,175
100,128,0.001,1000,<class 'torch.optim.sgd.SGD'>,0.001,0.0,5.5839230219523115,5.764125029246013,0.08511145244443238,176
100,128,0.1,1000,<class 'torch.optim.sgd.SGD'>,0.0,0.0,5.411543687184651,5.793949604034424,1.0471475522502276,177
100,128,0.1,1000,<class 'torch.optim.sgd.SGD'>,0.0001,0.0,5.4918437004089355,5.8131968180338545,0.9308766757380181,178
100,64,0.0001,1000,<class 'torch.optim.sgd.SGD'>,0.0001,0.8,5.633167266845703,5.815715471903483,0.1421383724451242,179
100,64,0.0001,1000,<class 'torch.optim.sgd.SGD'>,0.001,0.8,5.659047603607178,5.827115058898926,0.13764584508172006,180
50,256,0.1,1000,<class 'torch.optim.sgd.SGD'>,0.0001,0.2,5.51054843266805,5.850922425587972,0.09542225156995189,181
50,64,0.0001,1000,<class 'torch.optim.sgd.SGD'>,0.0,0.8,5.697357813517253,5.862276077270508,0.17399979080609895,182
50,128,0.001,1000,<class 'torch.optim.sgd.SGD'>,0.0001,0.0,5.729614893595378,5.8723985354105634,0.1816543744532216,183
100,256,0.1,1000,<class 'torch.optim.sgd.SGD'>,0.0,0.0,5.6838358243306475,5.882915178934733,0.5192974868337336,184
100,64,0.1,1000,<class 'torch.optim.sgd.SGD'>,0.001,0.0,5.366529941558838,5.886955579121907,0.886066472426728,185
50,64,0.1,1000,<class 'torch.optim.sgd.SGD'>,0.001,0.0,5.6346456209818525,5.905023097991943,0.9979729025389935,186
50,128,0.1,1000,<class 'torch.optim.sgd.SGD'>,0.001,0.2,5.658209800720215,5.907137870788574,0.7982708083850325,187
50,128,0.001,1000,<class 'torch.optim.sgd.SGD'>,0.001,0.0,5.764107863108317,5.9079461097717285,0.32549564570693995,188
100,64,0.0001,1000,<class 'torch.optim.sgd.SGD'>,0.0,0.8,5.740244547526042,5.925192197163899,0.13781826618759974,189
50,64,0.0001,1000,<class 'torch.optim.sgd.SGD'>,0.0001,0.8,5.77462911605835,5.93548583984375,0.14296953288201092,190
50,256,0.1,1000,<class 'torch.optim.sgd.SGD'>,0.0,0.2,5.944143136342366,6.015674591064453,0.7273064141922613,191
100,128,0.1,1000,<class 'torch.optim.sgd.SGD'>,0.0,0.2,5.5261335372924805,6.055349985758464,0.8543067426008323,192
50,256,0.1,1000,<class 'torch.optim.sgd.SGD'>,0.001,0.2,6.054597854614258,6.072390874226888,1.32402715103555,193
50,128,0.1,1000,<class 'torch.optim.sgd.SGD'>,0.0,0.0,5.744723955790202,6.113635381062825,0.6931366751903231,194
100,128,0.1,1000,<class 'torch.optim.sgd.SGD'>,0.0001,0.2,5.591569741566976,6.119547208150228,0.4304195249293114,195
100,128,0.1,1000,<class 'torch.optim.sgd.SGD'>,0.001,0.2,5.7915143966674805,6.137675126393636,0.580374742064593,196
50,256,0.1,1000,<class 'torch.optim.sgd.SGD'>,0.001,0.0,5.999489943186442,6.1475749015808105,0.40179957073157824,197
50,128,0.1,1000,<class 'torch.optim.sgd.SGD'>,0.0001,0.0,5.755940755208333,6.1780924797058105,0.8003393320854225,198
50,64,0.0001,1000,<class 'torch.optim.sgd.SGD'>,0.001,0.8,5.981671969095866,6.181802431742351,0.14303639681547628,199
100,256,0.1,1000,<class 'torch.optim.sgd.SGD'>,0.0001,0.2,5.872789223988851,6.211693286895752,0.4637136733963237,200
100,256,0.001,1000,<class 'torch.optim.sgd.SGD'>,0.0,0.2,6.142620881398519,6.255807876586914,0.021885886419190974,201
50,256,0.1,1000,<class 'torch.optim.sgd.SGD'>,0.001,0.6,6.0277228355407715,6.285283088684082,0.9170680763160032,202
50,128,0.1,1000,<class 'torch.optim.sgd.SGD'>,0.001,0.0,6.2224381764729815,6.391043027242024,1.334593158619747,203
100,256,0.001,1000,<class 'torch.optim.sgd.SGD'>,0.001,0.2,6.307807445526123,6.417778333028157,0.0874786720852,204
100,256,0.1,1000,<class 'torch.optim.sgd.SGD'>,0.001,0.2,6.0398268699646,6.426615397135417,0.5117116744488042,205
100,256,0.1,1000,<class 'torch.optim.sgd.SGD'>,0.0,0.2,6.098865826924642,6.457095623016357,0.5595072851886691,206
100,256,0.001,1000,<class 'torch.optim.sgd.SGD'>,0.0001,0.2,6.329221089680989,6.4639255205790205,0.09690218333416574,207
100,256,0.1,1000,<class 'torch.optim.sgd.SGD'>,0.001,0.0,6.496488571166992,6.6089768409729,0.318182034745097,208
50,256,0.001,1000,<class 'torch.optim.sgd.SGD'>,0.0,0.2,6.503796259562175,6.644371509552002,0.07843416958632454,209
100,256,0.1,1000,<class 'torch.optim.sgd.SGD'>,0.0001,0.0,6.668001492818196,6.656461715698242,1.08506342961434,210
100,256,0.1,1000,<class 'torch.optim.sgd.SGD'>,0.0,0.6,5.927353938420613,6.6625542640686035,2.5049882338389566,211
50,256,0.1,1000,<class 'torch.optim.sgd.SGD'>,0.0,0.0,6.600635528564453,6.788878758748372,0.606532289939969,212
50,256,0.001,1000,<class 'torch.optim.sgd.SGD'>,0.001,0.2,6.721693992614746,6.81045134862264,0.07031000316500113,213
100,256,0.001,1000,<class 'torch.optim.sgd.SGD'>,0.0,0.0,6.788900216420491,6.879292964935303,0.22005012706216714,214
50,256,0.001,1000,<class 'torch.optim.sgd.SGD'>,0.0001,0.2,6.845871130625407,6.9818596839904785,0.29530568631836285,215
100,128,0.1,1000,<class 'torch.optim.sgd.SGD'>,0.001,0.0,6.698802789052327,6.988377730051677,1.183373715614689,216
100,256,0.001,1000,<class 'torch.optim.sgd.SGD'>,0.0001,0.0,6.8998122215271,6.996794064839681,0.09524148407624121,217
50,256,0.001,1000,<class 'torch.optim.sgd.SGD'>,0.0,0.0,6.990609327952067,7.018138408660889,0.08965633412756939,218
100,256,0.001,1000,<class 'torch.optim.sgd.SGD'>,0.001,0.0,6.974498907725017,7.042981783548991,0.19788562454049408,219
50,256,0.1,1000,<class 'torch.optim.sgd.SGD'>,0.0001,0.0,6.872966130574544,7.0489983558654785,0.9158080971640793,220
100,128,0.0001,1000,<class 'torch.optim.sgd.SGD'>,0.001,0.8,6.978259881337483,7.099309921264648,0.27495548892763594,221
100,128,0.0001,1000,<class 'torch.optim.sgd.SGD'>,0.0001,0.8,6.984490076700847,7.127854506174724,0.19610379207271084,222
50,256,0.001,1000,<class 'torch.optim.sgd.SGD'>,0.001,0.0,7.036873976389567,7.1838351885477705,0.08476134740410363,223
100,128,0.0001,1000,<class 'torch.optim.sgd.SGD'>,0.0,0.8,7.250998020172119,7.334699471791585,0.12050872093837625,224
50,256,0.001,1000,<class 'torch.optim.sgd.SGD'>,0.0001,0.0,7.324873606363933,7.40806516011556,0.26285360979060163,225
100,64,0.0001,1000,<class 'torch.optim.sgd.SGD'>,0.0,0.6,7.328082243601481,7.418994585673015,0.10892651970825949,226
100,64,0.0001,1000,<class 'torch.optim.sgd.SGD'>,0.001,0.6,7.347350597381592,7.470423062642415,0.10704296108202098,227
100,64,0.0001,1000,<class 'torch.optim.sgd.SGD'>,0.0001,0.6,7.439948717753093,7.572949091593425,0.1297700698940698,228
50,64,0.0001,1000,<class 'torch.optim.sgd.SGD'>,0.0,0.6,7.761553605397542,7.826712449391683,0.16869667748031317,229
50,64,0.0001,1000,<class 'torch.optim.sgd.SGD'>,0.001,0.6,7.6990102132161455,7.828366279602051,0.23922439364063625,230
50,128,0.0001,1000,<class 'torch.optim.sgd.SGD'>,0.0001,0.8,7.817975044250488,7.89422067006429,0.32259086706899115,231
50,128,0.0001,1000,<class 'torch.optim.sgd.SGD'>,0.001,0.8,7.803237756093343,7.943173249562581,0.2952157056062192,232
50,128,0.0001,1000,<class 'torch.optim.sgd.SGD'>,0.0,0.8,7.9172078768412275,7.999817689259847,0.04069330305511677,233
50,64,0.0001,1000,<class 'torch.optim.sgd.SGD'>,0.0001,0.6,7.990516026814778,8.130949338277182,0.23307504245494595,234
100,256,0.0001,1000,<class 'torch.optim.sgd.SGD'>,0.0,0.8,9.738638877868652,9.820765495300293,0.5189328291674998,235
100,256,0.0001,1000,<class 'torch.optim.sgd.SGD'>,0.001,0.8,10.080700238545736,10.128292083740234,0.36616055718908935,236
100,256,0.0001,1000,<class 'torch.optim.sgd.SGD'>,0.0001,0.8,10.452534675598145,10.549284299214682,0.6594167579430948,237
100,128,0.0001,1000,<class 'torch.optim.sgd.SGD'>,0.0001,0.6,11.891513506571451,11.918402671813965,0.7452147602728079,238
100,128,0.0001,1000,<class 'torch.optim.sgd.SGD'>,0.001,0.6,11.907469431559244,12.017722765604654,0.5444466403606744,239
50,256,0.0001,1000,<class 'torch.optim.sgd.SGD'>,0.0001,0.8,11.958562850952148,12.13427988688151,0.209614233162377,240
100,128,0.0001,1000,<class 'torch.optim.sgd.SGD'>,0.0,0.6,12.372477213541666,12.515483220418295,0.9519561343122919,241
50,256,0.0001,1000,<class 'torch.optim.sgd.SGD'>,0.001,0.8,12.424331665039062,12.535841941833496,0.32453202222165617,242
100,64,0.0001,1000,<class 'torch.optim.sgd.SGD'>,0.0001,0.2,12.782221794128418,12.772905667622885,0.6831807395793256,243
50,256,0.0001,1000,<class 'torch.optim.sgd.SGD'>,0.0,0.8,12.879096031188965,12.915633201599121,0.2558763543133453,244
100,64,0.0001,1000,<class 'torch.optim.sgd.SGD'>,0.001,0.2,13.079612414042154,13.082213083902994,0.28570238018674887,245
100,64,0.0001,1000,<class 'torch.optim.sgd.SGD'>,0.0,0.2,13.303387959798178,13.307315508524576,0.4191027745001957,246
50,128,0.0001,1000,<class 'torch.optim.sgd.SGD'>,0.0,0.6,14.966570854187012,14.953643798828125,0.6277057275580403,247
50,128,0.0001,1000,<class 'torch.optim.sgd.SGD'>,0.0001,0.6,15.736380259195963,15.845931688944498,1.7783865776363894,248
50,128,0.0001,1000,<class 'torch.optim.sgd.SGD'>,0.001,0.6,15.897935231526693,16.091882069905598,1.8481017517482894,249
50,64,0.0001,1000,<class 'torch.optim.sgd.SGD'>,0.001,0.2,16.746907552083332,16.911326726277668,1.7547031748959419,250
50,64,0.0001,1000,<class 'torch.optim.sgd.SGD'>,0.0001,0.2,17.623849868774414,17.68778928120931,0.6809151648649038,251
50,64,0.0001,1000,<class 'torch.optim.sgd.SGD'>,0.0,0.2,18.584479331970215,18.52250607808431,3.2398822577024586,252
100,64,0.0001,1000,<class 'torch.optim.sgd.SGD'>,0.0001,0.0,18.732685089111328,19.014453887939453,2.372049314384232,253
100,64,0.0001,1000,<class 'torch.optim.sgd.SGD'>,0.0,0.0,18.67425028483073,19.08744017283122,3.9183802583402394,254
100,64,0.0001,1000,<class 'torch.optim.sgd.SGD'>,0.001,0.0,18.90822760264079,19.32337220509847,4.920134020094403,255
50,64,0.0001,1000,<class 'torch.optim.sgd.SGD'>,0.0001,0.0,34.18662770589193,34.17907969156901,3.3909067236255024,256
100,256,0.0001,1000,<class 'torch.optim.sgd.SGD'>,0.0001,0.6,34.222216288248696,34.30731391906738,4.1593896906976005,257
50,64,0.0001,1000,<class 'torch.optim.sgd.SGD'>,0.001,0.0,36.82198397318522,36.914651234944664,4.127182302736013,258
100,256,0.0001,1000,<class 'torch.optim.sgd.SGD'>,0.001,0.6,37.20429484049479,37.28764343261719,1.992957749449209,259
100,256,0.0001,1000,<class 'torch.optim.sgd.SGD'>,0.0,0.6,37.900274912516274,37.85211944580078,0.7022686211296179,260
50,64,0.0001,1000,<class 'torch.optim.sgd.SGD'>,0.0,0.0,38.46201705932617,38.43584442138672,3.062194110854273,261
100,128,0.0001,1000,<class 'torch.optim.sgd.SGD'>,0.0001,0.2,40.84747060139974,40.95133845011393,0.20269146280150052,262
100,128,0.0001,1000,<class 'torch.optim.sgd.SGD'>,0.0,0.2,41.906820933024086,42.141845703125,0.26321268144547805,263
100,128,0.0001,1000,<class 'torch.optim.sgd.SGD'>,0.001,0.2,42.41344960530599,42.42722193400065,1.164240257307284,264
50,256,0.0001,1000,<class 'torch.optim.sgd.SGD'>,0.0,0.6,44.40391413370768,44.55048624674479,2.8428568001548626,265
50,256,0.0001,1000,<class 'torch.optim.sgd.SGD'>,0.001,0.6,45.53099822998047,45.55189514160156,2.005178562842768,266
50,256,0.0001,1000,<class 'torch.optim.sgd.SGD'>,0.0001,0.6,46.251953125,46.467482248942055,1.4666973290610206,267
100,128,0.0001,1000,<class 'torch.optim.sgd.SGD'>,0.0001,0.0,46.947739919026695,46.98030471801758,1.1353216502456134,268
100,128,0.0001,1000,<class 'torch.optim.sgd.SGD'>,0.0,0.0,47.177050272623696,47.315409342447914,0.6564004769391986,269
50,128,0.0001,1000,<class 'torch.optim.sgd.SGD'>,0.0001,0.2,47.9130490620931,48.004956563313804,0.27151441817615984,270
50,128,0.0001,1000,<class 'torch.optim.sgd.SGD'>,0.0,0.2,48.03772862752279,48.033671061197914,1.1835716262176157,271
100,128,0.0001,1000,<class 'torch.optim.sgd.SGD'>,0.001,0.0,48.03767013549805,48.09769948323568,1.552501921106228,272
50,128,0.0001,1000,<class 'torch.optim.sgd.SGD'>,0.001,0.2,48.002830505371094,48.17419179280599,0.9850237261502162,273
50,128,0.0001,1000,<class 'torch.optim.sgd.SGD'>,0.001,0.0,51.057074228922524,50.93599319458008,1.0960759574181471,274
50,128,0.0001,1000,<class 'torch.optim.sgd.SGD'>,0.0001,0.0,51.1105842590332,51.16415532430013,0.026229669216288193,275
100,256,0.0001,1000,<class 'torch.optim.sgd.SGD'>,0.0,0.2,51.39340464274088,51.39095687866211,0.7272505897032616,276
50,128,0.0001,1000,<class 'torch.optim.sgd.SGD'>,0.0,0.0,51.55041249593099,51.594215393066406,0.4781768025262269,277
100,256,0.0001,1000,<class 'torch.optim.sgd.SGD'>,0.001,0.2,51.911669413248696,51.92549260457357,0.9245709034208852,278
100,256,0.0001,1000,<class 'torch.optim.sgd.SGD'>,0.0001,0.2,52.03268814086914,52.0101064046224,0.6902238798901443,279
100,256,0.0001,1000,<class 'torch.optim.sgd.SGD'>,0.001,0.0,52.66068013509115,52.728963216145836,0.3716355422685258,280
100,256,0.0001,1000,<class 'torch.optim.sgd.SGD'>,0.0,0.0,52.76550801595052,52.77851359049479,0.550732473770984,281
50,256,0.0001,1000,<class 'torch.optim.sgd.SGD'>,0.0001,0.2,52.83971150716146,52.82884724934896,0.548151152661407,282
50,256,0.0001,1000,<class 'torch.optim.sgd.SGD'>,0.0,0.2,53.14427820841471,53.15078353881836,0.24631791622061194,283
100,256,0.0001,1000,<class 'torch.optim.sgd.SGD'>,0.0001,0.0,53.22482172648112,53.22463862101237,0.474756451796997,284
50,256,0.0001,1000,<class 'torch.optim.sgd.SGD'>,0.001,0.2,54.40954717000326,54.40425237019857,0.4496390206519829,285
50,256,0.0001,1000,<class 'torch.optim.sgd.SGD'>,0.001,0.0,54.675393422444664,54.71756490071615,0.23233279081405814,286
50,256,0.0001,1000,<class 'torch.optim.sgd.SGD'>,0.0,0.0,54.73006820678711,54.7198117574056,0.633418236797642,287
50,256,0.0001,1000,<class 'torch.optim.sgd.SGD'>,0.0001,0.0,54.70359547932943,54.73706181844076,0.6124414347890149,288
